  CREATE TABLE IF NOT EXISTS paises (
    iso_3166_2 char  (2) primary key NOT NULL,
    nm_pais varchar  (81) NOT NULL
  );

   COMMENT ON COLUMN paises.iso_3166_2 IS 'ID del país según iso 3166 parte 2';
   COMMENT ON COLUMN paises.nm_pais IS 'Nombre del país';

  INSERT INTO paises (iso_3166_2, nm_pais) VALUES
   ('af', 'Afganistán'),
   ('ax', 'Islas Aland'),
   ('al', 'Albania'),
   ('dz', 'Argelia'),
   ('as', 'Samoa Americana'),
   ('ad', 'Andorra'),
   ('ao', 'Angola'),
   ('ai', 'Anguilla'),
   ('ag', 'Antigua y Barbuda'),
   ('ar', 'Argentina'),
   ('am', 'Armenia'),
   ('aw', 'Aruba'),
   ('au', 'Australia'),
   ('at', 'Austria'),
   ('az', 'Azerbaiyán'),
   ('bs', 'Bahamas'),
   ('bh', 'Bahrein'),
   ('bd', 'Bangladesh'),
   ('bb', 'Barbados'),
   ('by', 'Bielorrusia'),
   ('be', 'Bélgica'),
   ('bz', 'Belice'),
   ('bj', 'Benín'),
   ('bm', 'Bermudas'),
   ('bt', 'Bután'),
   ('bo', 'Bolivia'),
   ('ba', 'Bosnia'),
   ('bw', 'Botswana'),
   ('bv', 'Isla Bouvet'),
   ('br', 'Brasil'),
   ('vg', 'Islas Vírgenes Británicas'),
   ('bn', 'Brunéi'),
   ('bg', 'Bulgaria'),
   ('bf', 'Burkina Faso'),
   ('mm', 'Birmania'),
   ('bi', 'Burundi'),
   ('tc', 'Islas Turcas y Caicos'),
   ('kh', 'Camboya'),
   ('cm', 'Camerún'),
   ('ca', 'Canadá'),
   ('cv', 'Cabo Verde'),
   ('ky', 'Islas Caimán'),
   ('cf', 'República Centroafricana'),
   ('td', 'Chad'),
   ('cl', 'Chile'),
   ('cn', 'China'),
   ('cx', 'Islas de Navidad'),
   ('cc', 'Islas Cocos'),
   ('co', 'Colombia'),
   ('km', 'Comores'),
   ('cg', 'República del Congo'),
   ('cd', 'República Democrática del Congo'),
   ('ck', 'Islas Cook'),
   ('cr', 'Costa Rica'),
   ('ci', 'Costa de Marfil'),
   ('hr', 'Croacia'),
   ('cu', 'Cuba'),
   ('cy', 'Chipre'),
   ('cz', 'República Checa'),
   ('dk', 'Dinamarca'),
   ('dj', 'Djibouti'),
   ('dm', 'Dominica'),
   ('do', 'República Dominicana'),
   ('ec', 'Ecuador'),
   ('eg', 'Egipto'),
   ('sv', 'El Salvador'),
   ('gb', 'Inglaterra'),
   ('gq', 'Guinea Ecuatorial'),
   ('er', 'Eritrea'),
   ('ee', 'Estonia'),
   ('et', 'Etiopía'),
   ('eu', 'Union Europea'),
   ('fk', 'Islas Malvinas'),
   ('fo', 'Islas Feroe'),
   ('fj', 'Fiyi'),
   ('fr', 'Francia'),
   ('gf', 'Guayana Francesa'),
   ('pf', 'Polinesia Francesa'),
   ('tf', 'Tierras Australes y Antárticas Francesas'),
   ('ga', 'Gabón'),
   ('gm', 'Gambia'),
   ('ge', 'Georgia'),
   ('de', 'Alemania'),
   ('gh', 'Ghana'),
   ('gi', 'Gibraltar'),
   ('gr', 'Grecia'),
   ('gl', 'Groenlandia'),
   ('gd', 'Granada'),
   ('gp', 'Guadalupe'),
   ('gu', 'Guam'),
   ('gt', 'Guatemala'),
   ('gw', 'Guinea Bissau'),
   ('gn', 'República Guinea'),
   ('gy', 'Guyana'),
   ('ht', 'Haiti'),
   ('hm', 'Islas Heard y McDonald'),
   ('hn', 'Honduras'),
   ('hk', 'Hong Kong'),
   ('hu', 'Hungría'),
   ('is', 'Islandia'),
   ('in', 'India'),
   ('io', 'Territorio Británico del Océano Índico'),
   ('id', 'Indonesia'),
   ('ir', 'Irán'),
   ('iq', 'Iraq'),
   ('ie', 'Irlanda'),
   ('il', 'Israel'),
   ('it', 'Italia'),
   ('jm', 'Jamaica'),
   ('jp', 'Japón'),
   ('jo', 'Jordania'),
   ('kz', 'Kazajstán'),
   ('ke', 'Kenia'),
   ('ki', 'Kiribati'),
   ('kw', 'Kuwait'),
   ('kg', 'Kirguistán'),
   ('la', 'República Democrática Popular Lao'),
   ('lv', 'Letonia'),
   ('lb', 'Líbano'),
   ('ls', 'Lesotho'),
   ('lr', 'Liberia'),
   ('ly', 'Libia'),
   ('li', 'Liechtenstein'),
   ('lt', 'Lituania'),
   ('lu', 'Luxemburgo'),
   ('mo', 'Macao'),
   ('mk', 'Macedonia'),
   ('mg', 'Madagascar'),
   ('mw', 'Malawi'),
   ('my', 'Malasia'),
   ('mv', 'Maldivas'),
   ('ml', 'Malí'),
   ('mt', 'Malta'),
   ('mh', 'Islas Marshall'),
   ('mq', 'Martinica'),
   ('mr', 'Mauritania'),
   ('mu', 'Mauricio'),
   ('yt', 'Mayotte'),
   ('mx', 'México'),
   ('fm', 'Micronesia'),
   ('md', 'Moldavia'),
   ('mc', 'Mónaco'),
   ('mn', 'Mongolia'),
   ('me', 'Montenegro'),
   ('ms', 'Montserrat'),
   ('ma', 'Marruecos'),
   ('mz', 'Mozambique'),
   ('na', 'Namibia'),
   ('nr', 'Nauru'),
   ('np', 'Nepal'),
   ('an', 'Antillas Holandesas'),
   ('nl', 'Holanda'),
   ('nc', 'Nueva Caledonia'),
   ('pg', 'Nueva Guinea'),
   ('nz', 'Nueva Zelanda'),
   ('ni', 'Nicaragua'),
   ('ne', 'Niger'),
   ('ng', 'Nigeria'),
   ('nu', 'Niue'),
   ('nf', 'Norfolk Island'),
   ('kp', 'Korea del Norte'),
   ('mp', 'Marianas del Norte'),
   ('no', 'Noruega'),
   ('om', 'Omán'),
   ('pk', 'Pakistán'),
   ('pw', 'Palau'),
   ('ps', 'Palestina'),
   ('pa', 'Panama'),
   ('py', 'Paraguay'),
   ('pe', 'Perú'),
   ('ph', 'Filipinas'),
   ('pn', 'Islas Pitcairn'),
   ('pl', 'Polonia'),
   ('pt', 'Portugal'),
   ('pr', 'Puerto Rico'),
   ('qa', 'Qatar'),
   ('re', 'Reunión'),
   ('ro', 'Rumanía'),
   ('ru', 'Federación Rusa'),
   ('rw', 'Ruanda'),
   ('sh', 'Santa Elena'),
   ('kn', 'San Cristobal y Nevis'),
   ('lc', 'Santa Lucía'),
   ('pm', 'Saint Pierre'),
   ('vc', 'San Vincente y Granadinas'),
   ('ws', 'Samoa'),
   ('sm', 'San Marino'),
   ('gs', 'Territorio británico de ultramar de las Islas Georgias del Sur y Sándwich del Sur'),
   ('st', 'Santo Tomé y Príncipe'),
   ('sa', 'Arabia Saudita'),
   ('sn', 'Senegal'),
   ('cs', 'Kosovo'),
   ('rs', 'Serbia'),
   ('sc', 'Seychelles'),
   ('sl', 'Sierra Leona'),
   ('sg', 'Singapur'),
   ('sk', 'Eslovaquia'),
   ('si', 'Eslovenia'),
   ('sb', 'Islas Salomón'),
   ('so', 'Somalia'),
   ('za', 'Sur Africa'),
   ('kr', 'Korea del Sur'),
   ('es', 'España'),
   ('lk', 'Sri Lanka'),
   ('sd', 'Sudán'),
   ('sr', 'Surinam'),
   ('sj', 'Svalbard'),
   ('sz', 'Swazilandia'),
   ('se', 'Suecia'),
   ('ch', 'Suiza'),
   ('sy', 'Siria'),
   ('tw', 'Taiwan'),
   ('tj', 'Tadjikistan'),
   ('tz', 'Tanzania'),
   ('th', 'Tailandia'),
   ('tl', 'Timor Oriental'),
   ('tg', 'Togo'),
   ('tk', 'Tokelau'),
   ('to', 'Tonga'),
   ('tt', 'Trinidad y Tobago'),
   ('tn', 'Túnez'),
   ('tr', 'Turquía'),
   ('tm', 'Turkmenistan'),
   ('tv', 'Tuvalu'),
   ('ug', 'Uganda'),
   ('ua', 'Ucrania'),
   ('ae', 'Emiratos Árabes Unidos'),
   ('us', 'Estados Unidos'),
   ('uy', 'Uruguay'),
   ('um', 'Islas Ultramarinas Menores de los Estados Unidos'),
   ('vi', 'Islas Virgenes Americanas'),
   ('uz', 'Uzbekistán'),
   ('vu', 'Vanuatu'),
   ('va', 'Ciudad del Vaticano'),
   ('ve', 'Venezuela'),
   ('vn', 'Vietnam'),
   ('wf', 'Wallis y Futuna'),
   ('eh', 'Sáhara Occidental'),
   ('ye', 'Yemen'),
   ('zm', 'Zambia'),
   ('zw', 'Zimbabwe');

  CREATE TABLE IF NOT EXISTS estados (
    iso_3166_2_ve varchar  (4) primary key NOT NULL unique,
    nm_estado varchar  (25) NOT NULL unique
  );

     COMMENT ON COLUMN estados.iso_3166_2_ve IS 'ID del estado según iso 3166 parte 2 para Venezuela';
   COMMENT ON COLUMN estados.nm_estado IS 'Nombre del estado';

  INSERT INTO estados (nm_estado, iso_3166_2_ve) VALUES
   ('Amazonas', 'VE-X'),
   ('Anzoátegui', 'VE-B'),
   ('Apure', 'VE-C'),
   ('Aragua', 'VE-D'),
   ('Barinas', 'VE-E'),
   ('Bolívar', 'VE-F'),
   ('Carabobo', 'VE-G'),
   ('Cojedes', 'VE-H'),
   ('Delta Amacuro', 'VE-Y'),
   ('Falcón', 'VE-I'),
   ('Guárico', 'VE-J'),
   ('Lara', 'VE-K'),
   ('Mérida', 'VE-L'),
   ('Miranda', 'VE-M'),
   ('Monagas', 'VE-N'),
   ('Nueva Esparta', 'VE-O'),
   ('Portuguesa', 'VE-P'),
   ('Sucre', 'VE-R'),
   ('Táchira', 'VE-S'),
   ('Trujillo', 'VE-T'),
   ('La Guaira', 'VE-W'),
   ('Yaracuy', 'VE-U'),
   ('Zulia', 'VE-V'),
   ('Distrito Capital', 'VE-A'),
   ('Dependencias Federales', 'VE-Z');

  CREATE TABLE IF NOT EXISTS municipios (
    id_estado  varchar (4) NOT NULL references estados(iso_3166_2_ve),
    id_municipio  smallint PRIMARY KEY NOT NULL,
    nm_municipio varchar  (35) NOT NULL
  );

   COMMENT ON COLUMN municipios.id_estado IS 'Estado al que pertenece el municipio según norma iso_3166_2_ve';
   COMMENT ON COLUMN municipios.id_municipio IS 'Id del municipio en la';
   COMMENT ON COLUMN municipios.nm_municipio IS 'Nombre del municipio';


  INSERT INTO municipios (id_municipio, id_estado, nm_municipio) VALUES
   (1, 'VE-X', 'Alto Orinoco'),
   (2, 'VE-X', 'Atabapo'),
   (3, 'VE-X', 'Atures'),
   (4, 'VE-X', 'Autana'),
   (5, 'VE-X', 'Manapiare'),
   (6, 'VE-X', 'Maroa'),
   (7, 'VE-X', 'Río Negro'),
   (8, 'VE-B', 'Anaco'),
   (9, 'VE-B', 'Aragua'),
   (10, 'VE-B', 'Manuel Ezequiel Bruzual'),
   (11, 'VE-B', 'Diego Bautista Urbaneja'),
   (12, 'VE-B', 'Fernando Peñalver'),
   (13, 'VE-B', 'Francisco Del Carmen Carvajal'),
   (14, 'VE-B', 'General Sir Arthur McGregor'),
   (15, 'VE-B', 'Guanta'),
   (16, 'VE-B', 'Independencia'),
   (17, 'VE-B', 'José Gregorio Monagas'),
   (18, 'VE-B', 'Juan Antonio Sotillo'),
   (19, 'VE-B', 'Juan Manuel Cajigal'),
   (20, 'VE-B', 'Libertad'),
   (21, 'VE-B', 'Francisco de Miranda'),
   (22, 'VE-B', 'Pedro María Freites'),
   (23, 'VE-B', 'Píritu'),
   (24, 'VE-B', 'San José de Guanipa'),
   (25, 'VE-B', 'San Juan de Capistrano'),
   (26, 'VE-B', 'Santa Ana'),
   (27, 'VE-B', 'Simón Bolívar'),
   (28, 'VE-B', 'Simón Rodríguez'),
   (29, 'VE-C', 'Achaguas'),
   (30, 'VE-C', 'Biruaca'),
   (31, 'VE-C', 'Muñóz'),
   (32, 'VE-C', 'Páez'),
   (33, 'VE-C', 'Pedro Camejo'),
   (34, 'VE-C', 'Rómulo Gallegos'),
   (35, 'VE-C', 'San Fernando'),
   (36, 'VE-D', 'Atanasio Girardot'),
   (37, 'VE-D', 'Bolívar'),
   (38, 'VE-D', 'Camatagua'),
   (39, 'VE-D', 'Francisco Linares Alcántara'),
   (40, 'VE-D', 'José Ángel Lamas'),
   (41, 'VE-D', 'José Félix Ribas'),
   (42, 'VE-D', 'José Rafael Revenga'),
   (43, 'VE-D', 'Libertador'),
   (44, 'VE-D', 'Mario Briceño Iragorry'),
   (45, 'VE-D', 'Ocumare de la Costa de Oro'),
   (46, 'VE-D', 'San Casimiro'),
   (47, 'VE-D', 'San Sebastián'),
   (48, 'VE-D', 'Santiago Mariño'),
   (49, 'VE-D', 'Santos Michelena'),
   (50, 'VE-D', 'Sucre'),
   (51, 'VE-D', 'Tovar'),
   (52, 'VE-D', 'Urdaneta'),
   (53, 'VE-D', 'Zamora'),
   (54, 'VE-E', 'Alberto Arvelo Torrealba'),
   (55, 'VE-E', 'Andrés Eloy Blanco'),
   (56, 'VE-E', 'Antonio José de Sucre'),
   (57, 'VE-E', 'Arismendi'),
   (58, 'VE-E', 'Barinas'),
   (59, 'VE-E', 'Bolívar'),
   (60, 'VE-E', 'Cruz Paredes'),
   (61, 'VE-E', 'Ezequiel Zamora'),
   (62, 'VE-E', 'Obispos'),
   (63, 'VE-E', 'Pedraza'),
   (64, 'VE-E', 'Rojas'),
   (65, 'VE-E', 'Sosa'),
   (66, 'VE-F', 'Caroní'),
   (67, 'VE-F', 'Cedeño'),
   (68, 'VE-F', 'El Callao'),
   (69, 'VE-F', 'Gran Sabana'),
   (70, 'VE-F', 'Heres'),
   (71, 'VE-F', 'Piar'),
   (72, 'VE-F', 'Angostura (Raúl Leoni)'),
   (73, 'VE-F', 'Roscio'),
   (74, 'VE-F', 'Sifontes'),
   (75, 'VE-F', 'Sucre'),
   (76, 'VE-F', 'Padre Pedro Chien'),
   (77, 'VE-G', 'Bejuma'),
   (78, 'VE-G', 'Carlos Arvelo'),
   (79, 'VE-G', 'Diego Ibarra'),
   (80, 'VE-G', 'Guacara'),
   (81, 'VE-G', 'Juan José Mora'),
   (82, 'VE-G', 'Libertador'),
   (83, 'VE-G', 'Los Guayos'),
   (84, 'VE-G', 'Miranda'),
   (85, 'VE-G', 'Montalbán'),
   (86, 'VE-G', 'Naguanagua'),
   (87, 'VE-G', 'Puerto Cabello'),
   (88, 'VE-G', 'San Diego'),
   (89, 'VE-G', 'San Joaquín'),
   (90, 'VE-G', 'Valencia'),
   (91, 'VE-H', 'Anzoátegui'),
   (92, 'VE-H', 'Tinaquillo'),
   (93, 'VE-H', 'Girardot'),
   (94, 'VE-H', 'Lima Blanco'),
   (95, 'VE-H', 'Pao de San Juan Bautista'),
   (96, 'VE-H', 'Ricaurte'),
   (97, 'VE-H', 'Rómulo Gallegos'),
   (98, 'VE-H', 'San Carlos'),
   (99, 'VE-H', 'Tinaco'),
   (100, 'VE-Y', 'Antonio Díaz'),
   (101, 'VE-Y', 'Casacoima'),
   (102, 'VE-Y', 'Pedernales'),
   (103, 'VE-Y', 'Tucupita'),
   (104, 'VE-I', 'Acosta'),
   (105, 'VE-I', 'Bolívar'),
   (106, 'VE-I', 'Buchivacoa'),
   (107, 'VE-I', 'Cacique Manaure'),
   (108, 'VE-I', 'Carirubana'),
   (109, 'VE-I', 'Colina'),
   (110, 'VE-I', 'Dabajuro'),
   (111, 'VE-I', 'Democracia'),
   (112, 'VE-I', 'Falcón'),
   (113, 'VE-I', 'Federación'),
   (114, 'VE-I', 'Jacura'),
   (115, 'VE-I', 'José Laurencio Silva'),
   (116, 'VE-I', 'Los Taques'),
   (117, 'VE-I', 'Mauroa'),
   (118, 'VE-I', 'Miranda'),
   (119, 'VE-I', 'Monseñor Iturriza'),
   (120, 'VE-I', 'Palmasola'),
   (121, 'VE-I', 'Petit'),
   (122, 'VE-I', 'Píritu'),
   (123, 'VE-I', 'San Francisco'),
   (124, 'VE-I', 'Sucre'),
   (125, 'VE-I', 'Tocópero'),
   (126, 'VE-I', 'Unión'),
   (127, 'VE-I', 'Urumaco'),
   (128, 'VE-I', 'Zamora'),
   (129, 'VE-J', 'Camaguán'),
   (130, 'VE-J', 'Chaguaramas'),
   (131, 'VE-J', 'El Socorro'),
   (132, 'VE-J', 'José Félix Ribas'),
   (133, 'VE-J', 'José Tadeo Monagas'),
   (134, 'VE-J', 'Juan Germán Roscio'),
   (135, 'VE-J', 'Julián Mellado'),
   (136, 'VE-J', 'Las Mercedes'),
   (137, 'VE-J', 'Leonardo Infante'),
   (138, 'VE-J', 'Pedro Zaraza'),
   (139, 'VE-J', 'Ortíz'),
   (140, 'VE-J', 'San Gerónimo de Guayabal'),
   (141, 'VE-J', 'San José de Guaribe'),
   (142, 'VE-J', 'Santa María de Ipire'),
   (143, 'VE-J', 'Sebastián Francisco de Miranda'),
   (144, 'VE-K', 'Andrés Eloy Blanco'),
   (145, 'VE-K', 'Crespo'),
   (146, 'VE-K', 'Iribarren'),
   (147, 'VE-K', 'Jiménez'),
   (148, 'VE-K', 'Morán'),
   (149, 'VE-K', 'Palavecino'),
   (150, 'VE-K', 'Simón Planas'),
   (151, 'VE-K', 'Torres'),
   (152, 'VE-K', 'Urdaneta'),
   (179, 'VE-L', 'Alberto Adriani'),
   (180, 'VE-L', 'Andrés Bello'),
   (181, 'VE-L', 'Antonio Pinto Salinas'),
   (182, 'VE-L', 'Aricagua'),
   (183, 'VE-L', 'Arzobispo Chacón'),
   (184, 'VE-L', 'Campo Elías'),
   (185, 'VE-L', 'Caracciolo Parra Olmedo'),
   (186, 'VE-L', 'Cardenal Quintero'),
   (187, 'VE-L', 'Guaraque'),
   (188, 'VE-L', 'Julio César Salas'),
   (189, 'VE-L', 'Justo Briceño'),
   (190, 'VE-L', 'Libertador'),
   (191, 'VE-L', 'Miranda'),
   (192, 'VE-L', 'Obispo Ramos de Lora'),
   (193, 'VE-L', 'Padre Noguera'),
   (194, 'VE-L', 'Pueblo Llano'),
   (195, 'VE-L', 'Rangel'),
   (196, 'VE-L', 'Rivas Dávila'),
   (197, 'VE-L', 'Santos Marquina'),
   (198, 'VE-L', 'Sucre'),
   (199, 'VE-L', 'Tovar'),
   (200, 'VE-L', 'Tulio Febres Cordero'),
   (201, 'VE-L', 'Zea'),
   (223, 'VE-M', 'Acevedo'),
   (224, 'VE-M', 'Andrés Bello'),
   (225, 'VE-M', 'Baruta'),
   (226, 'VE-M', 'Brión'),
   (227, 'VE-M', 'Buroz'),
   (228, 'VE-M', 'Carrizal'),
   (229, 'VE-M', 'Chacao'),
   (230, 'VE-M', 'Cristóbal Rojas'),
   (231, 'VE-M', 'El Hatillo'),
   (232, 'VE-M', 'Guaicaipuro'),
   (233, 'VE-M', 'Independencia'),
   (234, 'VE-M', 'Lander'),
   (235, 'VE-M', 'Los Salias'),
   (236, 'VE-M', 'Páez'),
   (237, 'VE-M', 'Paz Castillo'),
   (238, 'VE-M', 'Pedro Gual'),
   (239, 'VE-M', 'Plaza'),
   (240, 'VE-M', 'Simón Bolívar'),
   (241, 'VE-M', 'Sucre'),
   (242, 'VE-M', 'Urdaneta'),
   (243, 'VE-M', 'Zamora'),
   (258, 'VE-N', 'Acosta'),
   (259, 'VE-N', 'Aguasay'),
   (260, 'VE-N', 'Bolívar'),
   (261, 'VE-N', 'Caripe'),
   (262, 'VE-N', 'Cedeño'),
   (263, 'VE-N', 'Ezequiel Zamora'),
   (264, 'VE-N', 'Libertador'),
   (265, 'VE-N', 'Maturín'),
   (266, 'VE-N', 'Piar'),
   (267, 'VE-N', 'Punceres'),
   (268, 'VE-N', 'Santa Bárbara'),
   (269, 'VE-N', 'Sotillo'),
   (270, 'VE-N', 'Uracoa'),
   (271, 'VE-O', 'Antolín del Campo'),
   (272, 'VE-O', 'Arismendi'),
   (273, 'VE-O', 'García'),
   (274, 'VE-O', 'Gómez'),
   (275, 'VE-O', 'Maneiro'),
   (276, 'VE-O', 'Marcano'),
   (277, 'VE-O', 'Mariño'),
   (278, 'VE-O', 'Península de Macanao'),
   (279, 'VE-O', 'Tubores'),
   (280, 'VE-O', 'Villalba'),
   (281, 'VE-O', 'Díaz'),
   (282, 'VE-P', 'Agua Blanca'),
   (283, 'VE-P', 'Araure'),
   (284, 'VE-P', 'Esteller'),
   (285, 'VE-P', 'Guanare'),
   (286, 'VE-P', 'Guanarito'),
   (287, 'VE-P', 'Monseñor José Vicente de Unda'),
   (288, 'VE-P', 'Ospino'),
   (289, 'VE-P', 'Páez'),
   (290, 'VE-P', 'Papelón'),
   (291, 'VE-P', 'San Genaro de Boconoíto'),
   (292, 'VE-P', 'San Rafael de Onoto'),
   (293, 'VE-P', 'Santa Rosalía'),
   (294, 'VE-P', 'Sucre'),
   (295, 'VE-P', 'Turén'),
   (296, 'VE-R', 'Andrés Eloy Blanco'),
   (297, 'VE-R', 'Andrés Mata'),
   (298, 'VE-R', 'Arismendi'),
   (299, 'VE-R', 'Benítez'),
   (300, 'VE-R', 'Bermúdez'),
   (301, 'VE-R', 'Bolívar'),
   (302, 'VE-R', 'Cajigal'),
   (303, 'VE-R', 'Cruz Salmerón Acosta'),
   (304, 'VE-R', 'Libertador'),
   (305, 'VE-R', 'Mariño'),
   (306, 'VE-R', 'Mejía'),
   (307, 'VE-R', 'Montes'),
   (308, 'VE-R', 'Ribero'),
   (309, 'VE-R', 'Sucre'),
   (310, 'VE-R', 'Valdéz'),
   (341, 'VE-S', 'Andrés Bello'),
   (342, 'VE-S', 'Antonio Rómulo Costa'),
   (343, 'VE-S', 'Ayacucho'),
   (344, 'VE-S', 'Bolívar'),
   (345, 'VE-S', 'Cárdenas'),
   (346, 'VE-S', 'Córdoba'),
   (347, 'VE-S', 'Fernández Feo'),
   (348, 'VE-S', 'Francisco de Miranda'),
   (349, 'VE-S', 'García de Hevia'),
   (350, 'VE-S', 'Guásimos'),
   (351, 'VE-S', 'Independencia'),
   (352, 'VE-S', 'Jáuregui'),
   (353, 'VE-S', 'José María Vargas'),
   (354, 'VE-S', 'Junín'),
   (355, 'VE-S', 'Libertad'),
   (356, 'VE-S', 'Libertador'),
   (357, 'VE-S', 'Lobatera'),
   (358, 'VE-S', 'Michelena'),
   (359, 'VE-S', 'Panamericano'),
   (360, 'VE-S', 'Pedro María Ureña'),
   (361, 'VE-S', 'Rafael Urdaneta'),
   (362, 'VE-S', 'Samuel Darío Maldonado'),
   (363, 'VE-S', 'San Cristóbal'),
   (364, 'VE-S', 'Seboruco'),
   (365, 'VE-S', 'Simón Rodríguez'),
   (366, 'VE-S', 'Sucre'),
   (367, 'VE-S', 'Torbes'),
   (368, 'VE-S', 'Uribante'),
   (369, 'VE-S', 'San Judas Tadeo'),
   (370, 'VE-T', 'Andrés Bello'),
   (371, 'VE-T', 'Boconó'),
   (372, 'VE-T', 'Bolívar'),
   (373, 'VE-T', 'Candelaria'),
   (374, 'VE-T', 'Carache'),
   (375, 'VE-T', 'Escuque'),
   (376, 'VE-T', 'José Felipe Márquez Cañizalez'),
   (377, 'VE-T', 'Juan Vicente Campos Elías'),
   (378, 'VE-T', 'La Ceiba'),
   (379, 'VE-T', 'Miranda'),
   (380, 'VE-T', 'Monte Carmelo'),
   (381, 'VE-T', 'Motatán'),
   (382, 'VE-T', 'Pampán'),
   (383, 'VE-T', 'Pampanito'),
   (384, 'VE-T', 'Rafael Rangel'),
   (385, 'VE-T', 'San Rafael de Carvajal'),
   (386, 'VE-T', 'Sucre'),
   (387, 'VE-T', 'Trujillo'),
   (388, 'VE-T', 'Urdaneta'),
   (389, 'VE-T', 'Valera'),
   (390, 'VE-W', 'Vargas'),
   (391, 'VE-U', 'Arístides Bastidas'),
   (392, 'VE-U', 'Bolívar'),
   (407, 'VE-U', 'Bruzual'),
   (408, 'VE-U', 'Cocorote'),
   (409, 'VE-U', 'Independencia'),
   (410, 'VE-U', 'José Antonio Páez'),
   (411, 'VE-U', 'La Trinidad'),
   (412, 'VE-U', 'Manuel Monge'),
   (413, 'VE-U', 'Nirgua'),
   (414, 'VE-U', 'Peña'),
   (415, 'VE-U', 'San Felipe'),
   (416, 'VE-U', 'Sucre'),
   (417, 'VE-U', 'Urachiche'),
   (418, 'VE-U', 'José Joaquín Veroes'),
   (441, 'VE-V', 'Almirante Padilla'),
   (442, 'VE-V', 'Baralt'),
   (443, 'VE-V', 'Cabimas'),
   (444, 'VE-V', 'Catatumbo'),
   (445, 'VE-V', 'Colón'),
   (446, 'VE-V', 'Francisco Javier Pulgar'),
   (447, 'VE-V', 'Páez'),
   (448, 'VE-V', 'Jesús Enrique Losada'),
   (449, 'VE-V', 'Jesús María Semprún'),
   (450, 'VE-V', 'La Cañada de Urdaneta'),
   (451, 'VE-V', 'Lagunillas'),
   (452, 'VE-V', 'Machiques de Perijá'),
   (453, 'VE-V', 'Mara'),
   (454, 'VE-V', 'Maracaibo'),
   (455, 'VE-V', 'Miranda'),
   (456, 'VE-V', 'Rosario de Perijá'),
   (457, 'VE-V', 'San Francisco'),
   (458, 'VE-V', 'Santa Rita'),
   (459, 'VE-V', 'Simón Bolívar'),
   (460, 'VE-V', 'Sucre'),
   (461, 'VE-V', 'Valmore Rodríguez'),
   (462, 'VE-A', 'Libertador');

  CREATE TABLE IF NOT EXISTS parroquias (
    id_municipio  smallint NOT NULL references municipios(id_municipio),
    id_parroquia  smallint  primary key NOT NULL,
    nm_parroquia varchar  (40) NOT NULL
  );

   COMMENT ON COLUMN parroquias.id_municipio IS 'Municipio al que pertenece la parroquia';
   COMMENT ON COLUMN parroquias.id_parroquia IS 'Id de la parroquia en la tabla';
   COMMENT ON COLUMN parroquias.nm_parroquia IS 'Nombre de la parroquia';


  INSERT INTO parroquias (id_parroquia, id_municipio, nm_parroquia) VALUES
   (1, 1, 'Alto Orinoco'),
   (2, 1, 'Huachamacare Acanaña'),
   (3, 1, 'Marawaka Toky Shamanaña'),
   (4, 1, 'Mavaka Mavaka'),
   (5, 1, 'Sierra Parima Parimabé'),
   (6, 2, 'Ucata Laja Lisa'),
   (7, 2, 'Yapacana Macuruco'),
   (8, 2, 'Caname Guarinuma'),
   (9, 3, 'Fernando Girón Tovar'),
   (10, 3, 'Luis Alberto Gómez'),
   (11, 3, 'Pahueña Limón de Parhueña'),
   (12, 3, 'Platanillal Platanillal'),
   (13, 4, 'Samariapo'),
   (14, 4, 'Sipapo'),
   (15, 4, 'Munduapo'),
   (16, 4, 'Guayapo'),
   (17, 5, 'Alto Ventuari'),
   (18, 5, 'Medio Ventuari'),
   (19, 5, 'Bajo Ventuari'),
   (20, 6, 'Victorino'),
   (21, 6, 'Comunidad'),
   (22, 7, 'Casiquiare'),
   (23, 7, 'Cocuy'),
   (24, 7, 'San Carlos de Río Negro'),
   (25, 7, 'Solano'),
   (26, 8, 'Anaco'),
   (27, 8, 'San Joaquín'),
   (28, 9, 'Cachipo'),
   (29, 9, 'Aragua de Barcelona'),
   (30, 11, 'Lechería'),
   (31, 11, 'El Morro'),
   (32, 12, 'Puerto Píritu'),
   (33, 12, 'San Miguel'),
   (34, 12, 'Sucre'),
   (35, 13, 'Valle de Guanape'),
   (36, 13, 'Santa Bárbara'),
   (37, 14, 'El Chaparro'),
   (38, 14, 'Tomás Alfaro'),
   (39, 14, 'Calatrava'),
   (40, 15, 'Guanta'),
   (41, 15, 'Chorrerón'),
   (42, 16, 'Mamo'),
   (43, 16, 'Soledad'),
   (44, 17, 'Mapire'),
   (45, 17, 'Piar'),
   (46, 17, 'Santa Clara'),
   (47, 17, 'San Diego de Cabrutica'),
   (48, 17, 'Uverito'),
   (49, 17, 'Zuata'),
   (50, 18, 'Puerto La Cruz'),
   (51, 18, 'Pozuelos'),
   (52, 19, 'Onoto'),
   (53, 19, 'San Pablo'),
   (54, 20, 'San Mateo'),
   (55, 20, 'El Carito'),
   (56, 20, 'Santa Inés'),
   (57, 20, 'La Romereña'),
   (58, 21, 'Atapirire'),
   (59, 21, 'Boca del Pao'),
   (60, 21, 'El Pao'),
   (61, 21, 'Pariaguán'),
   (62, 22, 'Cantaura'),
   (63, 22, 'Libertador'),
   (64, 22, 'Santa Rosa'),
   (65, 22, 'Urica'),
   (66, 23, 'Píritu'),
   (67, 23, 'San Francisco'),
   (68, 24, 'San José de Guanipa'),
   (69, 25, 'Boca de Uchire'),
   (70, 25, 'Boca de Chávez'),
   (71, 26, 'Pueblo Nuevo'),
   (72, 26, 'Santa Ana'),
   (73, 27, 'Bergantín'),
   (74, 27, 'Caigua'),
   (75, 27, 'El Carmen'),
   (76, 27, 'El Pilar'),
   (77, 27, 'Naricual'),
   (78, 27, 'San Crsitóbal'),
   (79, 28, 'Edmundo Barrios'),
   (80, 28, 'Miguel Otero Silva'),
   (81, 29, 'Achaguas'),
   (82, 29, 'Apurito'),
   (83, 29, 'El Yagual'),
   (84, 29, 'Guachara'),
   (85, 29, 'Mucuritas'),
   (86, 29, 'Queseras del medio'),
   (87, 30, 'Biruaca'),
   (88, 31, 'Bruzual'),
   (89, 31, 'Mantecal'),
   (90, 31, 'Quintero'),
   (91, 31, 'Rincón Hondo'),
   (92, 31, 'San Vicente'),
   (93, 32, 'Guasdualito'),
   (94, 32, 'Aramendi'),
   (95, 32, 'El Amparo'),
   (96, 32, 'San Camilo'),
   (97, 32, 'Urdaneta'),
   (98, 33, 'San Juan de Payara'),
   (99, 33, 'Codazzi'),
   (100, 33, 'Cunaviche'),
   (101, 34, 'Elorza'),
   (102, 34, 'La Trinidad'),
   (103, 35, 'San Fernando'),
   (104, 35, 'El Recreo'),
   (105, 35, 'Peñalver'),
   (106, 35, 'San Rafael de Atamaica'),
   (107, 36, 'Pedro José Ovalles'),
   (108, 36, 'Joaquín Crespo'),
   (109, 36, 'José Casanova Godoy'),
   (110, 36, 'Madre María de San José'),
   (111, 36, 'Andrés Eloy Blanco'),
   (112, 36, 'Los Tacarigua'),
   (113, 36, 'Las Delicias'),
   (114, 36, 'Choroní'),
   (115, 37, 'Bolívar'),
   (116, 38, 'Camatagua'),
   (117, 38, 'Carmen de Cura'),
   (118, 39, 'Santa Rita'),
   (119, 39, 'Francisco de Miranda'),
   (120, 39, 'Moseñor Feliciano González'),
   (121, 40, 'Santa Cruz'),
   (122, 41, 'José Félix Ribas'),
   (123, 41, 'Castor Nieves Ríos'),
   (124, 41, 'Las Guacamayas'),
   (125, 41, 'Pao de Zárate'),
   (126, 41, 'Zuata'),
   (127, 42, 'José Rafael Revenga'),
   (128, 43, 'Palo Negro'),
   (129, 43, 'San Martín de Porres'),
   (130, 44, 'El Limón'),
   (131, 44, 'Caña de Azúcar'),
   (132, 45, 'Ocumare de la Costa'),
   (133, 46, 'San Casimiro'),
   (134, 46, 'Güiripa'),
   (135, 46, 'Ollas de Caramacate'),
   (136, 46, 'Valle Morín'),
   (137, 47, 'San Sebastían'),
   (138, 48, 'Turmero'),
   (139, 48, 'Arevalo Aponte'),
   (140, 48, 'Chuao'),
   (141, 48, 'Samán de Güere'),
   (142, 48, 'Alfredo Pacheco Miranda'),
   (143, 49, 'Santos Michelena'),
   (144, 49, 'Tiara'),
   (145, 50, 'Cagua'),
   (146, 50, 'Bella Vista'),
   (147, 51, 'Tovar'),
   (148, 52, 'Urdaneta'),
   (149, 52, 'Las Peñitas'),
   (150, 52, 'San Francisco de Cara'),
   (151, 52, 'Taguay'),
   (152, 53, 'Zamora'),
   (153, 53, 'Magdaleno'),
   (154, 53, 'San Francisco de Asís'),
   (155, 53, 'Valles de Tucutunemo'),
   (156, 53, 'Augusto Mijares'),
   (157, 54, 'Sabaneta'),
   (158, 54, 'Juan Antonio Rodríguez Domínguez'),
   (159, 55, 'El Cantón'),
   (160, 55, 'Santa Cruz de Guacas'),
   (161, 55, 'Puerto Vivas'),
   (162, 56, 'Ticoporo'),
   (163, 56, 'Nicolás Pulido'),
   (164, 56, 'Andrés Bello'),
   (165, 57, 'Arismendi'),
   (166, 57, 'Guadarrama'),
   (167, 57, 'La Unión'),
   (168, 57, 'San Antonio'),
   (169, 58, 'Barinas'),
   (170, 58, 'Alberto Arvelo Larriva'),
   (171, 58, 'San Silvestre'),
   (172, 58, 'Santa Inés'),
   (173, 58, 'Santa Lucía'),
   (174, 58, 'Torumos'),
   (175, 58, 'El Carmen'),
   (176, 58, 'Rómulo Betancourt'),
   (177, 58, 'Corazón de Jesús'),
   (178, 58, 'Ramón Ignacio Méndez'),
   (179, 58, 'Alto Barinas'),
   (180, 58, 'Manuel Palacio Fajardo'),
   (181, 58, 'Juan Antonio Rodríguez Domínguez'),
   (182, 58, 'Dominga Ortiz de Páez'),
   (183, 59, 'Barinitas'),
   (184, 59, 'Altamira de Cáceres'),
   (185, 59, 'Calderas'),
   (186, 60, 'Barrancas'),
   (187, 60, 'El Socorro'),
   (188, 60, 'Mazparrito'),
   (189, 61, 'Santa Bárbara'),
   (190, 61, 'Pedro Briceño Méndez'),
   (191, 61, 'Ramón Ignacio Méndez'),
   (192, 61, 'José Ignacio del Pumar'),
   (193, 62, 'Obispos'),
   (194, 62, 'Guasimitos'),
   (195, 62, 'El Real'),
   (196, 62, 'La Luz'),
   (197, 63, 'Ciudad Bolívia'),
   (198, 63, 'José Ignacio Briceño'),
   (199, 63, 'José Félix Ribas'),
   (200, 63, 'Páez'),
   (201, 64, 'Libertad'),
   (202, 64, 'Dolores'),
   (203, 64, 'Santa Rosa'),
   (204, 64, 'Palacio Fajardo'),
   (205, 65, 'Ciudad de Nutrias'),
   (206, 65, 'El Regalo'),
   (207, 65, 'Puerto Nutrias'),
   (208, 65, 'Santa Catalina'),
   (209, 66, 'Cachamay'),
   (210, 66, 'Chirica'),
   (211, 66, 'Dalla Costa'),
   (212, 66, 'Once de Abril'),
   (213, 66, 'Simón Bolívar'),
   (214, 66, 'Unare'),
   (215, 66, 'Universidad'),
   (216, 66, 'Vista al Sol'),
   (217, 66, 'Pozo Verde'),
   (218, 66, 'Yocoima'),
   (219, 66, '5 de Julio'),
   (220, 67, 'Cedeño'),
   (221, 67, 'Altagracia'),
   (222, 67, 'Ascensión Farreras'),
   (223, 67, 'Guaniamo'),
   (224, 67, 'La Urbana'),
   (225, 67, 'Pijiguaos'),
   (226, 68, 'El Callao'),
   (227, 69, 'Gran Sabana'),
   (228, 69, 'Ikabarú'),
   (229, 70, 'Catedral'),
   (230, 70, 'Zea'),
   (231, 70, 'Orinoco'),
   (232, 70, 'José Antonio Páez'),
   (233, 70, 'Marhuanta'),
   (234, 70, 'Agua Salada'),
   (235, 70, 'Vista Hermosa'),
   (236, 70, 'La Sabanita'),
   (237, 70, 'Panapana'),
   (238, 71, 'Andrés Eloy Blanco'),
   (239, 71, 'Pedro Cova'),
   (240, 72, 'Raúl Leoni'),
   (241, 72, 'Barceloneta'),
   (242, 72, 'Santa Bárbara'),
   (243, 72, 'San Francisco'),
   (244, 73, 'Roscio'),
   (245, 73, 'Salóm'),
   (246, 74, 'Sifontes'),
   (247, 74, 'Dalla Costa'),
   (248, 74, 'San Isidro'),
   (249, 75, 'Sucre'),
   (250, 75, 'Aripao'),
   (251, 75, 'Guarataro'),
   (252, 75, 'Las Majadas'),
   (253, 75, 'Moitaco'),
   (254, 76, 'Padre Pedro Chien'),
   (255, 76, 'Río Grande'),
   (256, 77, 'Bejuma'),
   (257, 77, 'Canoabo'),
   (258, 77, 'Simón Bolívar'),
   (259, 78, 'Güigüe'),
   (260, 78, 'Carabobo'),
   (261, 78, 'Tacarigua'),
   (262, 79, 'Mariara'),
   (263, 79, 'Aguas Calientes'),
   (264, 80, 'Ciudad Alianza'),
   (265, 80, 'Guacara'),
   (266, 80, 'Yagua'),
   (267, 81, 'Morón'),
   (268, 81, 'Yagua'),
   (269, 82, 'Tocuyito'),
   (270, 82, 'Independencia'),
   (271, 83, 'Los Guayos'),
   (272, 84, 'Miranda'),
   (273, 85, 'Montalbán'),
   (274, 86, 'Naguanagua'),
   (275, 87, 'Bartolomé Salóm'),
   (276, 87, 'Democracia'),
   (277, 87, 'Fraternidad'),
   (278, 87, 'Goaigoaza'),
   (279, 87, 'Juan José Flores'),
   (280, 87, 'Unión'),
   (281, 87, 'Borburata'),
   (282, 87, 'Patanemo'),
   (283, 88, 'San Diego'),
   (284, 89, 'San Joaquín'),
   (285, 90, 'Candelaria'),
   (286, 90, 'Catedral'),
   (287, 90, 'El Socorro'),
   (288, 90, 'Miguel Peña'),
   (289, 90, 'Rafael Urdaneta'),
   (290, 90, 'San Blas'),
   (291, 90, 'San José'),
   (292, 90, 'Santa Rosa'),
   (293, 90, 'Negro Primero'),
   (294, 91, 'Cojedes'),
   (295, 91, 'Juan de Mata Suárez'),
   (296, 92, 'Tinaquillo'),
   (297, 93, 'El Baúl'),
   (298, 93, 'Sucre'),
   (299, 94, 'La Aguadita'),
   (300, 94, 'Macapo'),
   (301, 95, 'El Pao'),
   (302, 96, 'El Amparo'),
   (303, 96, 'Libertad de Cojedes'),
   (304, 97, 'Rómulo Gallegos'),
   (305, 98, 'San Carlos de Austria'),
   (306, 98, 'Juan Ángel Bravo'),
   (307, 98, 'Manuel Manrique'),
   (308, 99, 'General en Jefe José Laurencio Silva'),
   (309, 100, 'Curiapo'),
   (310, 100, 'Almirante Luis Brión'),
   (311, 100, 'Francisco Aniceto Lugo'),
   (312, 100, 'Manuel Renaud'),
   (313, 100, 'Padre Barral'),
   (314, 100, 'Santos de Abelgas'),
   (315, 101, 'Imataca'),
   (316, 101, 'Cinco de Julio'),
   (317, 101, 'Juan Bautista Arismendi'),
   (318, 101, 'Manuel Piar'),
   (319, 101, 'Rómulo Gallegos'),
   (320, 102, 'Pedernales'),
   (321, 102, 'Luis Beltrán Prieto Figueroa'),
   (322, 103, 'San José (Delta Amacuro)'),
   (323, 103, 'José Vidal Marcano'),
   (324, 103, 'Juan Millán'),
   (325, 103, 'Leonardo Ruíz Pineda'),
   (326, 103, 'Mariscal Antonio José de Sucre'),
   (327, 103, 'Monseñor Argimiro García'),
   (328, 103, 'San Rafael (Delta Amacuro)'),
   (329, 103, 'Virgen del Valle'),
   (330, 10, 'Clarines'),
   (331, 10, 'Guanape'),
   (332, 10, 'Sabana de Uchire'),
   (333, 104, 'Capadare'),
   (334, 104, 'La Pastora'),
   (335, 104, 'Libertador'),
   (336, 104, 'San Juan de los Cayos'),
   (337, 105, 'Aracua'),
   (338, 105, 'La Peña'),
   (339, 105, 'San Luis'),
   (340, 106, 'Bariro'),
   (341, 106, 'Borojó'),
   (342, 106, 'Capatárida'),
   (343, 106, 'Guajiro'),
   (344, 106, 'Seque'),
   (345, 106, 'Zazárida'),
   (346, 106, 'Valle de Eroa'),
   (347, 107, 'Cacique Manaure'),
   (348, 108, 'Norte'),
   (349, 108, 'Carirubana'),
   (350, 108, 'Santa Ana'),
   (351, 108, 'Urbana Punta Cardón'),
   (352, 109, 'La Vela de Coro'),
   (353, 109, 'Acurigua'),
   (354, 109, 'Guaibacoa'),
   (355, 109, 'Las Calderas'),
   (356, 109, 'Macoruca'),
   (357, 110, 'Dabajuro'),
   (358, 111, 'Agua Clara'),
   (359, 111, 'Avaria'),
   (360, 111, 'Pedregal'),
   (361, 111, 'Piedra Grande'),
   (362, 111, 'Purureche'),
   (363, 112, 'Adaure'),
   (364, 112, 'Adícora'),
   (365, 112, 'Baraived'),
   (366, 112, 'Buena Vista'),
   (367, 112, 'Jadacaquiva'),
   (368, 112, 'El Vínculo'),
   (369, 112, 'El Hato'),
   (370, 112, 'Moruy'),
   (371, 112, 'Pueblo Nuevo'),
   (372, 113, 'Agua Larga'),
   (373, 113, 'El Paují'),
   (374, 113, 'Independencia'),
   (375, 113, 'Mapararí'),
   (376, 114, 'Agua Linda'),
   (377, 114, 'Araurima'),
   (378, 114, 'Jacura'),
   (379, 115, 'Tucacas'),
   (380, 115, 'Boca de Aroa'),
   (381, 116, 'Los Taques'),
   (382, 116, 'Judibana'),
   (383, 117, 'Mene de Mauroa'),
   (384, 117, 'San Félix'),
   (385, 117, 'Casigua'),
   (386, 118, 'Guzmán Guillermo'),
   (387, 118, 'Mitare'),
   (388, 118, 'Río Seco'),
   (389, 118, 'Sabaneta'),
   (390, 118, 'San Antonio'),
   (391, 118, 'San Gabriel'),
   (392, 118, 'Santa Ana'),
   (393, 119, 'Boca del Tocuyo'),
   (394, 119, 'Chichiriviche'),
   (395, 119, 'Tocuyo de la Costa'),
   (396, 120, 'Palmasola'),
   (397, 121, 'Cabure'),
   (398, 121, 'Colina'),
   (399, 121, 'Curimagua'),
   (400, 122, 'San José de la Costa'),
   (401, 122, 'Píritu'),
   (402, 123, 'San Francisco'),
   (403, 124, 'Sucre'),
   (404, 124, 'Pecaya'),
   (405, 125, 'Tocópero'),
   (406, 126, 'El Charal'),
   (407, 126, 'Las Vegas del Tuy'),
   (408, 126, 'Santa Cruz de Bucaral'),
   (409, 127, 'Bruzual'),
   (410, 127, 'Urumaco'),
   (411, 128, 'Puerto Cumarebo'),
   (412, 128, 'La Ciénaga'),
   (413, 128, 'La Soledad'),
   (414, 128, 'Pueblo Cumarebo'),
   (415, 128, 'Zazárida'),
   (416, 113, 'Churuguara'),
   (417, 129, 'Camaguán'),
   (418, 129, 'Puerto Miranda'),
   (419, 129, 'Uverito'),
   (420, 130, 'Chaguaramas'),
   (421, 131, 'El Socorro'),
   (422, 132, 'Tucupido'),
   (423, 132, 'San Rafael de Laya'),
   (424, 133, 'Altagracia de Orituco'),
   (425, 133, 'San Rafael de Orituco'),
   (426, 133, 'San Francisco Javier de Lezama'),
   (427, 133, 'Paso Real de Macaira'),
   (428, 133, 'Carlos Soublette'),
   (429, 133, 'San Francisco de Macaira'),
   (430, 133, 'Libertad de Orituco'),
   (431, 134, 'Cantaclaro'),
   (432, 134, 'San Juan de los Morros'),
   (433, 134, 'Parapara'),
   (434, 135, 'El Sombrero'),
   (435, 135, 'Sosa'),
   (436, 136, 'Las Mercedes'),
   (437, 136, 'Cabruta'),
   (438, 136, 'Santa Rita de Manapire'),
   (439, 137, 'Valle de la Pascua'),
   (440, 137, 'Espino'),
   (441, 138, 'San José de Unare'),
   (442, 138, 'Zaraza'),
   (443, 139, 'San José de Tiznados'),
   (444, 139, 'San Francisco de Tiznados'),
   (445, 139, 'San Lorenzo de Tiznados'),
   (446, 139, 'Ortiz'),
   (447, 140, 'Guayabal'),
   (448, 140, 'Cazorla'),
   (449, 141, 'San José de Guaribe'),
   (450, 141, 'Uveral'),
   (451, 142, 'Santa María de Ipire'),
   (452, 142, 'Altamira'),
   (453, 143, 'El Calvario'),
   (454, 143, 'El Rastro'),
   (455, 143, 'Guardatinajas'),
   (456, 143, 'Capital Urbana Calabozo'),
   (457, 144, 'Quebrada Honda de Guache'),
   (458, 144, 'Pío Tamayo'),
   (459, 144, 'Yacambú'),
   (460, 145, 'Fréitez'),
   (461, 145, 'José María Blanco'),
   (462, 146, 'Catedral'),
   (463, 146, 'Concepción'),
   (464, 146, 'El Cují'),
   (465, 146, 'Juan de Villegas'),
   (466, 146, 'Santa Rosa'),
   (467, 146, 'Tamaca'),
   (468, 146, 'Unión'),
   (469, 146, 'Aguedo Felipe Alvarado'),
   (470, 146, 'Buena Vista'),
   (471, 146, 'Juárez'),
   (472, 147, 'Juan Bautista Rodríguez'),
   (473, 147, 'Cuara'),
   (474, 147, 'Diego de Lozada'),
   (475, 147, 'Paraíso de San José'),
   (476, 147, 'San Miguel'),
   (477, 147, 'Tintorero'),
   (478, 147, 'José Bernardo Dorante'),
   (479, 147, 'Coronel Mariano Peraza '),
   (480, 148, 'Bolívar'),
   (481, 148, 'Anzoátegui'),
   (482, 148, 'Guarico'),
   (483, 148, 'Hilario Luna y Luna'),
   (484, 148, 'Humocaro Alto'),
   (485, 148, 'Humocaro Bajo'),
   (486, 148, 'La Candelaria'),
   (487, 148, 'Morán'),
   (488, 149, 'Cabudare'),
   (489, 149, 'José Gregorio Bastidas'),
   (490, 149, 'Agua Viva'),
   (491, 150, 'Sarare'),
   (492, 150, 'Buría'),
   (493, 150, 'Gustavo Vegas León'),
   (494, 151, 'Trinidad Samuel'),
   (495, 151, 'Antonio Díaz'),
   (496, 151, 'Camacaro'),
   (497, 151, 'Castañeda'),
   (498, 151, 'Cecilio Zubillaga'),
   (499, 151, 'Chiquinquirá'),
   (500, 151, 'El Blanco'),
   (501, 151, 'Espinoza de los Monteros'),
   (502, 151, 'Lara'),
   (503, 151, 'Las Mercedes'),
   (504, 151, 'Manuel Morillo'),
   (505, 151, 'Montaña Verde'),
   (506, 151, 'Montes de Oca'),
   (507, 151, 'Torres'),
   (508, 151, 'Heriberto Arroyo'),
   (509, 151, 'Reyes Vargas'),
   (510, 151, 'Altagracia'),
   (511, 152, 'Siquisique'),
   (512, 152, 'Moroturo'),
   (513, 152, 'San Miguel'),
   (514, 152, 'Xaguas'),
   (515, 179, 'Presidente Betancourt'),
   (516, 179, 'Presidente Páez'),
   (517, 179, 'Presidente Rómulo Gallegos'),
   (518, 179, 'Gabriel Picón González'),
   (519, 179, 'Héctor Amable Mora'),
   (520, 179, 'José Nucete Sardi'),
   (521, 179, 'Pulido Méndez'),
   (522, 180, 'La Azulita'),
   (523, 181, 'Santa Cruz de Mora'),
   (524, 181, 'Mesa Bolívar'),
   (525, 181, 'Mesa de Las Palmas'),
   (526, 182, 'Aricagua'),
   (527, 182, 'San Antonio'),
   (528, 183, 'Canagua'),
   (529, 183, 'Capurí'),
   (530, 183, 'Chacantá'),
   (531, 183, 'El Molino'),
   (532, 183, 'Guaimaral'),
   (533, 183, 'Mucutuy'),
   (534, 183, 'Mucuchachí'),
   (535, 184, 'Fernández Peña'),
   (536, 184, 'Matriz'),
   (537, 184, 'Montalbán'),
   (538, 184, 'Acequias'),
   (539, 184, 'Jají'),
   (540, 184, 'La Mesa'),
   (541, 184, 'San José del Sur'),
   (542, 185, 'Tucaní'),
   (543, 185, 'Florencio Ramírez'),
   (544, 186, 'Santo Domingo'),
   (545, 186, 'Las Piedras'),
   (546, 187, 'Guaraque'),
   (547, 187, 'Mesa de Quintero'),
   (548, 187, 'Río Negro'),
   (549, 188, 'Arapuey'),
   (550, 188, 'Palmira'),
   (551, 189, 'San Cristóbal de Torondoy'),
   (552, 189, 'Torondoy'),
   (553, 190, 'Antonio Spinetti Dini'),
   (554, 190, 'Arias'),
   (555, 190, 'Caracciolo Parra Pérez'),
   (556, 190, 'Domingo Peña'),
   (557, 190, 'El Llano'),
   (558, 190, 'Gonzalo Picón Febres'),
   (559, 190, 'Jacinto Plaza'),
   (560, 190, 'Juan Rodríguez Suárez'),
   (561, 190, 'Lasso de la Vega'),
   (562, 190, 'Mariano Picón Salas'),
   (563, 190, 'Milla'),
   (564, 190, 'Osuna Rodríguez'),
   (565, 190, 'Sagrario'),
   (566, 190, 'El Morro'),
   (567, 190, 'Los Nevados'),
   (568, 191, 'Andrés Eloy Blanco'),
   (569, 191, 'La Venta'),
   (570, 191, 'Piñango'),
   (571, 191, 'Timotes'),
   (572, 192, 'Eloy Paredes'),
   (573, 192, 'San Rafael de Alcázar'),
   (574, 192, 'Santa Elena de Arenales'),
   (575, 193, 'Santa María de Caparo'),
   (576, 194, 'Pueblo Llano'),
   (577, 195, 'Cacute'),
   (578, 195, 'La Toma'),
   (579, 195, 'Mucuchíes'),
   (580, 195, 'Mucurubá'),
   (581, 195, 'San Rafael'),
   (582, 196, 'Gerónimo Maldonado'),
   (583, 196, 'Bailadores'),
   (584, 197, 'Tabay'),
   (585, 198, 'Chiguará'),
   (586, 198, 'Estánquez'),
   (587, 198, 'Lagunillas'),
   (588, 198, 'La Trampa'),
   (589, 198, 'Pueblo Nuevo del Sur'),
   (590, 198, 'San Juan'),
   (591, 199, 'El Amparo'),
   (592, 199, 'El Llano'),
   (593, 199, 'San Francisco'),
   (594, 199, 'Tovar'),
   (595, 200, 'Independencia'),
   (596, 200, 'María de la Concepción Palacios Blanco'),
   (597, 200, 'Nueva Bolivia'),
   (598, 200, 'Santa Apolonia'),
   (599, 201, 'Caño El Tigre'),
   (600, 201, 'Zea'),
   (601, 223, 'Aragüita'),
   (602, 223, 'Arévalo González'),
   (603, 223, 'Capaya'),
   (604, 223, 'Caucagua'),
   (605, 223, 'Panaquire'),
   (606, 223, 'Ribas'),
   (607, 223, 'El Café'),
   (608, 223, 'Marizapa'),
   (609, 224, 'Cumbo'),
   (610, 224, 'San José de Barlovento'),
   (611, 225, 'El Cafetal'),
   (612, 225, 'Las Minas'),
   (613, 225, 'Nuestra Señora del Rosario'),
   (614, 226, 'Higuerote'),
   (615, 226, 'Curiepe'),
   (616, 226, 'Tacarigua de Brión'),
   (617, 227, 'Mamporal'),
   (618, 228, 'Carrizal'),
   (619, 229, 'Chacao'),
   (620, 230, 'Charallave'),
   (621, 230, 'Las Brisas'),
   (622, 231, 'El Hatillo'),
   (623, 232, 'Altagracia de la Montaña'),
   (624, 232, 'Cecilio Acosta'),
   (625, 232, 'Los Teques'),
   (626, 232, 'El Jarillo'),
   (627, 232, 'San Pedro'),
   (628, 232, 'Tácata'),
   (629, 232, 'Paracotos'),
   (630, 233, 'Cartanal'),
   (631, 233, 'Santa Teresa del Tuy'),
   (632, 234, 'La Democracia'),
   (633, 234, 'Ocumare del Tuy'),
   (634, 234, 'Santa Bárbara'),
   (635, 235, 'San Antonio de los Altos'),
   (636, 236, 'Río Chico'),
   (637, 236, 'El Guapo'),
   (638, 236, 'Tacarigua de la Laguna'),
   (639, 236, 'Paparo'),
   (640, 236, 'San Fernando del Guapo'),
   (641, 237, 'Santa Lucía del Tuy'),
   (642, 238, 'Cúpira'),
   (643, 238, 'Machurucuto'),
   (644, 239, 'Guarenas'),
   (645, 240, 'San Antonio de Yare'),
   (646, 240, 'San Francisco de Yare'),
   (647, 241, 'Leoncio Martínez'),
   (648, 241, 'Petare'),
   (649, 241, 'Caucagüita'),
   (650, 241, 'Filas de Mariche'),
   (651, 241, 'La Dolorita'),
   (652, 242, 'Cúa'),
   (653, 242, 'Nueva Cúa'),
   (654, 243, 'Guatire'),
   (655, 243, 'Bolívar'),
   (656, 258, 'San Antonio de Maturín'),
   (657, 258, 'San Francisco de Maturín'),
   (658, 259, 'Aguasay'),
   (659, 260, 'Caripito'),
   (660, 261, 'El Guácharo'),
   (661, 261, 'La Guanota'),
   (662, 261, 'Sabana de Piedra'),
   (663, 261, 'San Agustín'),
   (664, 261, 'Teresen'),
   (665, 261, 'Caripe'),
   (666, 262, 'Areo'),
   (667, 262, 'Capital Cedeño'),
   (668, 262, 'San Félix de Cantalicio'),
   (669, 262, 'Viento Fresco'),
   (670, 263, 'El Tejero'),
   (671, 263, 'Punta de Mata'),
   (672, 264, 'Chaguaramas'),
   (673, 264, 'Las Alhuacas'),
   (674, 264, 'Tabasca'),
   (675, 264, 'Temblador'),
   (676, 265, 'Alto de los Godos'),
   (677, 265, 'Boquerón'),
   (678, 265, 'Las Cocuizas'),
   (679, 265, 'La Cruz'),
   (680, 265, 'San Simón'),
   (681, 265, 'El Corozo'),
   (682, 265, 'El Furrial'),
   (683, 265, 'Jusepín'),
   (684, 265, 'La Pica'),
   (685, 265, 'San Vicente'),
   (686, 266, 'Aparicio'),
   (687, 266, 'Aragua de Maturín'),
   (688, 266, 'Chaguamal'),
   (689, 266, 'El Pinto'),
   (690, 266, 'Guanaguana'),
   (691, 266, 'La Toscana'),
   (692, 266, 'Taguaya'),
   (693, 267, 'Cachipo'),
   (694, 267, 'Quiriquire'),
   (695, 268, 'Santa Bárbara'),
   (696, 269, 'Barrancas'),
   (697, 269, 'Los Barrancos de Fajardo'),
   (698, 270, 'Uracoa'),
   (699, 271, 'Antolín del Campo'),
   (700, 272, 'Arismendi'),
   (701, 273, 'García'),
   (702, 273, 'Francisco Fajardo'),
   (703, 274, 'Bolívar'),
   (704, 274, 'Guevara'),
   (705, 274, 'Matasiete'),
   (706, 274, 'Santa Ana'),
   (707, 274, 'Sucre'),
   (708, 275, 'Aguirre'),
   (709, 275, 'Maneiro'),
   (710, 276, 'Adrián'),
   (711, 276, 'Juan Griego'),
   (712, 276, 'Yaguaraparo'),
   (713, 277, 'Porlamar'),
   (714, 278, 'San Francisco de Macanao'),
   (715, 278, 'Boca de Río'),
   (716, 279, 'Tubores'),
   (717, 279, 'Los Baleales'),
   (718, 280, 'Vicente Fuentes'),
   (719, 280, 'Villalba'),
   (720, 281, 'San Juan Bautista'),
   (721, 281, 'Zabala'),
   (722, 283, 'Capital Araure'),
   (723, 283, 'Río Acarigua'),
   (724, 284, 'Capital Esteller'),
   (725, 284, 'Uveral'),
   (726, 285, 'Guanare'),
   (727, 285, 'Córdoba'),
   (728, 285, 'San José de la Montaña'),
   (729, 285, 'San Juan de Guanaguanare'),
   (730, 285, 'Virgen de la Coromoto'),
   (731, 286, 'Guanarito'),
   (732, 286, 'Trinidad de la Capilla'),
   (733, 286, 'Divina Pastora'),
   (734, 287, 'Monseñor José Vicente de Unda'),
   (735, 287, 'Peña Blanca'),
   (736, 288, 'Capital Ospino'),
   (737, 288, 'Aparición'),
   (738, 288, 'La Estación'),
   (739, 289, 'Páez'),
   (740, 289, 'Payara'),
   (741, 289, 'Pimpinela'),
   (742, 289, 'Ramón Peraza'),
   (743, 290, 'Papelón'),
   (744, 290, 'Caño Delgadito'),
   (745, 291, 'San Genaro de Boconoito'),
   (746, 291, 'Antolín Tovar'),
   (747, 292, 'San Rafael de Onoto'),
   (748, 292, 'Santa Fe'),
   (749, 292, 'Thermo Morles'),
   (750, 293, 'Santa Rosalía'),
   (751, 293, 'Florida'),
   (752, 294, 'Sucre'),
   (753, 294, 'Concepción'),
   (754, 294, 'San Rafael de Palo Alzado'),
   (755, 294, 'Uvencio Antonio Velásquez'),
   (756, 294, 'San José de Saguaz'),
   (757, 294, 'Villa Rosa'),
   (758, 295, 'Turén'),
   (759, 295, 'Canelones'),
   (760, 295, 'Santa Cruz'),
   (761, 295, 'San Isidro Labrador'),
   (762, 296, 'Mariño'),
   (763, 296, 'Rómulo Gallegos'),
   (764, 297, 'San José de Aerocuar'),
   (765, 297, 'Tavera Acosta'),
   (766, 298, 'Río Caribe'),
   (767, 298, 'Antonio José de Sucre'),
   (768, 298, 'El Morro de Puerto Santo'),
   (769, 298, 'Puerto Santo'),
   (770, 298, 'San Juan de las Galdonas'),
   (771, 299, 'El Pilar'),
   (772, 299, 'El Rincón'),
   (773, 299, 'General Francisco Antonio Váquez'),
   (774, 299, 'Guaraúnos'),
   (775, 299, 'Tunapuicito'),
   (776, 299, 'Unión'),
   (777, 300, 'Santa Catalina'),
   (778, 300, 'Santa Rosa'),
   (779, 300, 'Santa Teresa'),
   (780, 300, 'Bolívar'),
   (781, 300, 'Maracapana'),
   (782, 302, 'Libertad'),
   (783, 302, 'El Paujil'),
   (784, 302, 'Yaguaraparo'),
   (785, 303, 'Cruz Salmerón Acosta'),
   (786, 303, 'Chacopata'),
   (787, 303, 'Manicuare'),
   (788, 304, 'Tunapuy'),
   (789, 304, 'Campo Elías'),
   (790, 305, 'Irapa'),
   (791, 305, 'Campo Claro'),
   (792, 305, 'Maraval'),
   (793, 305, 'San Antonio de Irapa'),
   (794, 305, 'Soro'),
   (795, 306, 'Mejía'),
   (796, 307, 'Cumanacoa'),
   (797, 307, 'Arenas'),
   (798, 307, 'Aricagua'),
   (799, 307, 'Cogollar'),
   (800, 307, 'San Fernando'),
   (801, 307, 'San Lorenzo'),
   (802, 308, 'Villa Frontado (Muelle de Cariaco)'),
   (803, 308, 'Catuaro'),
   (804, 308, 'Rendón'),
   (805, 308, 'San Cruz'),
   (806, 308, 'Santa María'),
   (807, 309, 'Altagracia'),
   (808, 309, 'Santa Inés'),
   (809, 309, 'Valentín Valiente'),
   (810, 309, 'Ayacucho'),
   (811, 309, 'San Juan'),
   (812, 309, 'Raúl Leoni'),
   (813, 309, 'Gran Mariscal'),
   (814, 310, 'Cristóbal Colón'),
   (815, 310, 'Bideau'),
   (816, 310, 'Punta de Piedras'),
   (817, 310, 'Güiria'),
   (818, 341, 'Andrés Bello'),
   (819, 342, 'Antonio Rómulo Costa'),
   (820, 343, 'Ayacucho'),
   (821, 343, 'Rivas Berti'),
   (822, 343, 'San Pedro del Río'),
   (823, 344, 'Bolívar'),
   (824, 344, 'Palotal'),
   (825, 344, 'General Juan Vicente Gómez'),
   (826, 344, 'Isaías Medina Angarita'),
   (827, 345, 'Cárdenas'),
   (828, 345, 'Amenodoro Ángel Lamus'),
   (829, 345, 'La Florida'),
   (830, 346, 'Córdoba'),
   (831, 347, 'Fernández Feo'),
   (832, 347, 'Alberto Adriani'),
   (833, 347, 'Santo Domingo'),
   (834, 348, 'Francisco de Miranda'),
   (835, 349, 'García de Hevia'),
   (836, 349, 'Boca de Grita'),
   (837, 349, 'José Antonio Páez'),
   (838, 350, 'Guásimos'),
   (839, 351, 'Independencia'),
   (840, 351, 'Juan Germán Roscio'),
   (841, 351, 'Román Cárdenas'),
   (842, 352, 'Jáuregui'),
   (843, 352, 'Emilio Constantino Guerrero'),
   (844, 352, 'Monseñor Miguel Antonio Salas'),
   (845, 353, 'José María Vargas'),
   (846, 354, 'Junín'),
   (847, 354, 'La Petrólea'),
   (848, 354, 'Quinimarí'),
   (849, 354, 'Bramón'),
   (850, 355, 'Libertad'),
   (851, 355, 'Cipriano Castro'),
   (852, 355, 'Manuel Felipe Rugeles'),
   (853, 356, 'Libertador'),
   (854, 356, 'Doradas'),
   (855, 356, 'Emeterio Ochoa'),
   (856, 356, 'San Joaquín de Navay'),
   (857, 357, 'Lobatera'),
   (858, 357, 'Constitución'),
   (859, 358, 'Michelena'),
   (860, 359, 'Panamericano'),
   (861, 359, 'La Palmita'),
   (862, 360, 'Pedro María Ureña'),
   (863, 360, 'Nueva Arcadia'),
   (864, 361, 'Delicias'),
   (865, 361, 'Pecaya'),
   (866, 362, 'Samuel Darío Maldonado'),
   (867, 362, 'Boconó'),
   (868, 362, 'Hernández'),
   (869, 363, 'La Concordia'),
   (870, 363, 'San Juan Bautista'),
   (871, 363, 'Pedro María Morantes'),
   (872, 363, 'San Sebastián'),
   (873, 363, 'Dr. Francisco Romero Lobo'),
   (874, 364, 'Seboruco'),
   (875, 365, 'Simón Rodríguez'),
   (876, 366, 'Sucre'),
   (877, 366, 'Eleazar López Contreras'),
   (878, 366, 'San Pablo'),
   (879, 367, 'Torbes'),
   (880, 368, 'Uribante'),
   (881, 368, 'Cárdenas'),
   (882, 368, 'Juan Pablo Peñalosa'),
   (883, 368, 'Potosí'),
   (884, 369, 'San Judas Tadeo'),
   (885, 370, 'Araguaney'),
   (886, 370, 'El Jaguito'),
   (887, 370, 'La Esperanza'),
   (888, 370, 'Santa Isabel'),
   (889, 371, 'Boconó'),
   (890, 371, 'El Carmen'),
   (891, 371, 'Mosquey'),
   (892, 371, 'Ayacucho'),
   (893, 371, 'Burbusay'),
   (894, 371, 'General Ribas'),
   (895, 371, 'Guaramacal'),
   (896, 371, 'Vega de Guaramacal'),
   (897, 371, 'Monseñor Jáuregui'),
   (898, 371, 'Rafael Rangel'),
   (899, 371, 'San Miguel'),
   (900, 371, 'San José'),
   (901, 372, 'Sabana Grande'),
   (902, 372, 'Cheregüé'),
   (903, 372, 'Granados'),
   (904, 373, 'Arnoldo Gabaldón'),
   (905, 373, 'Bolivia'),
   (906, 373, 'Carrillo'),
   (907, 373, 'Cegarra'),
   (908, 373, 'Chejendé'),
   (909, 373, 'Manuel Salvador Ulloa'),
   (910, 373, 'San José'),
   (911, 374, 'Carache'),
   (912, 374, 'La Concepción'),
   (913, 374, 'Cuicas'),
   (914, 374, 'Panamericana'),
   (915, 374, 'Santa Cruz'),
   (916, 375, 'Escuque'),
   (917, 375, 'La Unión'),
   (918, 375, 'Santa Rita'),
   (919, 375, 'Sabana Libre'),
   (920, 376, 'El Socorro'),
   (921, 376, 'Los Caprichos'),
   (922, 376, 'Antonio José de Sucre'),
   (923, 377, 'Campo Elías'),
   (924, 377, 'Arnoldo Gabaldón'),
   (925, 378, 'Santa Apolonia'),
   (926, 378, 'El Progreso'),
   (927, 378, 'La Ceiba'),
   (928, 378, 'Tres de Febrero'),
   (929, 379, 'El Dividive'),
   (930, 379, 'Agua Santa'),
   (931, 379, 'Agua Caliente'),
   (932, 379, 'El Cenizo'),
   (933, 379, 'Valerita'),
   (934, 380, 'Monte Carmelo'),
   (935, 380, 'Buena Vista'),
   (936, 380, 'Santa María del Horcón'),
   (937, 381, 'Motatán'),
   (938, 381, 'El Baño'),
   (939, 381, 'Jalisco'),
   (940, 382, 'Pampán'),
   (941, 382, 'Flor de Patria'),
   (942, 382, 'La Paz'),
   (943, 382, 'Santa Ana'),
   (944, 383, 'Pampanito'),
   (945, 383, 'La Concepción'),
   (946, 383, 'Pampanito II'),
   (947, 384, 'Betijoque'),
   (948, 384, 'José Gregorio Hernández'),
   (949, 384, 'La Pueblita'),
   (950, 384, 'Los Cedros'),
   (951, 385, 'Carvajal'),
   (952, 385, 'Campo Alegre'),
   (953, 385, 'Antonio Nicolás Briceño'),
   (954, 385, 'José Leonardo Suárez'),
   (955, 386, 'Sabana de Mendoza'),
   (956, 386, 'Junín'),
   (957, 386, 'Valmore Rodríguez'),
   (958, 386, 'El Paraíso'),
   (959, 387, 'Andrés Linares'),
   (960, 387, 'Chiquinquirá'),
   (961, 387, 'Cristóbal Mendoza'),
   (962, 387, 'Cruz Carrillo'),
   (963, 387, 'Matriz'),
   (964, 387, 'Monseñor Carrillo'),
   (965, 387, 'Tres Esquinas'),
   (966, 388, 'Cabimbú'),
   (967, 388, 'Jajó'),
   (968, 388, 'La Mesa de Esnujaque'),
   (969, 388, 'Santiago'),
   (970, 388, 'Tuñame'),
   (971, 388, 'La Quebrada'),
   (972, 389, 'Juan Ignacio Montilla'),
   (973, 389, 'La Beatriz'),
   (974, 389, 'La Puerta'),
   (975, 389, 'Mendoza del Valle de Momboy'),
   (976, 389, 'Mercedes Díaz'),
   (977, 389, 'San Luis'),
   (978, 390, 'Caraballeda'),
   (979, 390, 'Carayaca'),
   (980, 390, 'Carlos Soublette'),
   (981, 390, 'Caruao Chuspa'),
   (982, 390, 'Catia La Mar'),
   (983, 390, 'El Junko'),
   (984, 390, 'La Guaira'),
   (985, 390, 'Macuto'),
   (986, 390, 'Maiquetía'),
   (987, 390, 'Naiguatá'),
   (988, 390, 'Urimare'),
   (989, 391, 'Arístides Bastidas'),
   (990, 392, 'Bolívar'),
   (991, 407, 'Chivacoa'),
   (992, 407, 'Campo Elías'),
   (993, 408, 'Cocorote'),
   (994, 409, 'Independencia'),
   (995, 410, 'José Antonio Páez'),
   (996, 411, 'La Trinidad'),
   (997, 412, 'Manuel Monge'),
   (998, 413, 'Salóm'),
   (999, 413, 'Temerla'),
   (1000, 413, 'Nirgua'),
   (1001, 414, 'San Andrés'),
   (1002, 414, 'Yaritagua'),
   (1003, 415, 'San Javier'),
   (1004, 415, 'Albarico'),
   (1005, 415, 'San Felipe'),
   (1006, 416, 'Sucre'),
   (1007, 417, 'Urachiche'),
   (1008, 418, 'El Guayabo'),
   (1009, 418, 'Farriar'),
   (1010, 441, 'Isla de Toas'),
   (1011, 441, 'Monagas'),
   (1012, 442, 'San Timoteo'),
   (1013, 442, 'General Urdaneta'),
   (1014, 442, 'Libertador'),
   (1015, 442, 'Marcelino Briceño'),
   (1016, 442, 'Pueblo Nuevo'),
   (1017, 442, 'Manuel Guanipa Matos'),
   (1018, 443, 'Ambrosio'),
   (1019, 443, 'Carmen Herrera'),
   (1020, 443, 'La Rosa'),
   (1021, 443, 'Germán Ríos Linares'),
   (1022, 443, 'San Benito'),
   (1023, 443, 'Rómulo Betancourt'),
   (1024, 443, 'Jorge Hernández'),
   (1025, 443, 'Punta Gorda'),
   (1026, 443, 'Arístides Calvani'),
   (1027, 444, 'Encontrados'),
   (1028, 444, 'Udón Pérez'),
   (1029, 445, 'Moralito'),
   (1030, 445, 'San Carlos del Zulia'),
   (1031, 445, 'Santa Cruz del Zulia'),
   (1032, 445, 'Santa Bárbara'),
   (1033, 445, 'Urribarrí'),
   (1034, 446, 'Carlos Quevedo'),
   (1035, 446, 'Francisco Javier Pulgar'),
   (1036, 446, 'Simón Rodríguez'),
   (1037, 446, 'Guamo-Gavilanes'),
   (1038, 448, 'La Concepción'),
   (1039, 448, 'San José'),
   (1040, 448, 'Mariano Parra León'),
   (1041, 448, 'José Ramón Yépez'),
   (1042, 449, 'Jesús María Semprún'),
   (1043, 449, 'Barí'),
   (1044, 450, 'Concepción'),
   (1045, 450, 'Andrés Bello'),
   (1046, 450, 'Chiquinquirá'),
   (1047, 450, 'El Carmelo'),
   (1048, 450, 'Potreritos'),
   (1049, 451, 'Libertad'),
   (1050, 451, 'Alonso de Ojeda'),
   (1051, 451, 'Venezuela'),
   (1052, 451, 'Eleazar López Contreras'),
   (1053, 451, 'Campo Lara'),
   (1054, 452, 'Bartolomé de las Casas'),
   (1055, 452, 'Libertad'),
   (1056, 452, 'Río Negro'),
   (1057, 452, 'San José de Perijá'),
   (1058, 453, 'San Rafael'),
   (1059, 453, 'La Sierrita'),
   (1060, 453, 'Las Parcelas'),
   (1061, 453, 'Luis de Vicente'),
   (1062, 453, 'Monseñor Marcos Sergio Godoy'),
   (1063, 453, 'Ricaurte'),
   (1064, 453, 'Tamare'),
   (1065, 454, 'Antonio Borjas Romero'),
   (1066, 454, 'Bolívar'),
   (1067, 454, 'Cacique Mara'),
   (1068, 454, 'Carracciolo Parra Pérez'),
   (1069, 454, 'Cecilio Acosta'),
   (1070, 454, 'Cristo de Aranza'),
   (1071, 454, 'Coquivacoa'),
   (1072, 454, 'Chiquinquirá'),
   (1073, 454, 'Francisco Eugenio Bustamante'),
   (1074, 454, 'Idelfonzo Vásquez'),
   (1075, 454, 'Juana de Ávila'),
   (1076, 454, 'Luis Hurtado Higuera'),
   (1077, 454, 'Manuel Dagnino'),
   (1078, 454, 'Olegario Villalobos'),
   (1079, 454, 'Raúl Leoni'),
   (1080, 454, 'Santa Lucía'),
   (1081, 454, 'Venancio Pulgar'),
   (1082, 454, 'San Isidro'),
   (1083, 455, 'Altagracia'),
   (1084, 455, 'Faría'),
   (1085, 455, 'Ana María Campos'),
   (1086, 455, 'San Antonio'),
   (1087, 455, 'San José'),
   (1088, 456, 'Donaldo García'),
   (1089, 456, 'El Rosario'),
   (1090, 456, 'Sixto Zambrano'),
   (1091, 457, 'San Francisco'),
   (1092, 457, 'El Bajo'),
   (1093, 457, 'Domitila Flores'),
   (1094, 457, 'Francisco Ochoa'),
   (1095, 457, 'Los Cortijos'),
   (1096, 457, 'Marcial Hernández'),
   (1097, 458, 'Santa Rita'),
   (1098, 458, 'El Mene'),
   (1099, 458, 'Pedro Lucas Urribarrí'),
   (1100, 458, 'José Cenobio Urribarrí'),
   (1101, 459, 'Rafael Maria Baralt'),
   (1102, 459, 'Manuel Manrique'),
   (1103, 459, 'Rafael Urdaneta'),
   (1104, 460, 'Bobures'),
   (1105, 460, 'Gibraltar'),
   (1106, 460, 'Heras'),
   (1107, 460, 'Monseñor Arturo Álvarez'),
   (1108, 460, 'Rómulo Gallegos'),
   (1109, 460, 'El Batey'),
   (1110, 461, 'Rafael Urdaneta'),
   (1111, 461, 'La Victoria'),
   (1112, 461, 'Raúl Cuenca'),
   (1113, 447, 'Sinamaica'),
   (1114, 447, 'Alta Guajira'),
   (1115, 447, 'Elías Sánchez Rubio'),
   (1116, 447, 'Guajira'),
   (1117, 462, 'Altagracia'),
   (1118, 462, 'Antímano'),
   (1119, 462, 'Caricuao'),
   (1120, 462, 'Catedral'),
   (1121, 462, 'Coche'),
   (1122, 462, 'El Junquito'),
   (1123, 462, 'El Paraíso'),
   (1124, 462, 'El Recreo'),
   (1125, 462, 'El Valle'),
   (1126, 462, 'La Candelaria'),
   (1127, 462, 'La Pastora'),
   (1128, 462, 'La Vega'),
   (1129, 462, 'Macarao'),
   (1130, 462, 'San Agustín'),
   (1131, 462, 'San Bernardino'),
   (1132, 462, 'San José'),
   (1133, 462, 'San Juan'),
   (1134, 462, 'San Pedro'),
   (1135, 462, 'Santa Rosalía'),
   (1136, 462, 'Santa Teresa'),
   (1137, 462, 'Sucre (Catia)'),
   (1138, 462, '23 de enero');

  CREATE TABLE IF NOT EXISTS comites (
    id_comite smallint primary key NOT NULL,
    nm_comite varchar  (80) NOT NULL
  );

  INSERT INTO comites (id_comite, nm_comite) VALUES
   (1,'Adulto mayor'),
   (2,'Alimentación'),
   (3,'Asesoría legal'),
   (4,'Investigación'),
   (5,'Recreación'),
   (6,'Salud'),
   (7,'Servicios básicos');

   COMMENT ON COLUMN comites.id_comite IS 'Id del comité para consejos comunales en la tabla';
   COMMENT ON COLUMN comites.nm_comite IS 'Nombre del cómite';

  CREATE TABLE IF NOT EXISTS tipos_consejos_comunales (
    id_tipo smallint primary key NOT NULL,
    nm_tipo varchar  (20) NOT NULL
  );

  INSERT INTO tipos_consejos_comunales (id_tipo, nm_tipo) VALUES
   (1,'Indigena'),
   (2,'Rural'),
   (3,'Sub-urbano o mixto'),
   (4,'Urbano');

   COMMENT ON COLUMN tipos_consejos_comunales.id_tipo IS 'Id del tipo de consejo comunal en la tabla';
   COMMENT ON COLUMN tipos_consejos_comunales.nm_tipo IS 'Descripción del tipo de consejo comunal';

    CREATE TABLE IF NOT EXISTS consejos_comunales (
    id_parroquia  smallint  NOT NULL references parroquias(id_parroquia),
    tipo_consejo  smallint  NOT NULL references tipos_consejos_comunales(id_tipo),
    id_consejo_comunal serial primary key NOT NULL ,
    nm_consejo varchar  (100) NOT NULL,
    no_rif  varchar  (12) unique,
    fecha_creacion  date  NOT NULL,
    estatus  boolean  NOT NULL default '0',
    comites_disponibles varchar  (10)
  );

  INSERT INTO consejos_comunales (tipo_consejo, id_consejo_comunal, id_parroquia, nm_consejo, estatus, fecha_creacion, comites_disponibles, no_rif) VALUES
   (4,1,560, 'ALTO CHAMA', '1', '2008-07-30', '0', 'C-299869740'),
   (4,2,560, 'CASCO CENTRAL DE LA PARROQUIA', '1', '2008-07-30', '146', 'C-299869767'),
   (4,3,560, 'LA VEGA DE ZUMBA', '1', '2008-07-30', '0', 'C-299766917'),
   (4,4,560, 'ZUMBA SUR SECTOR 70', '1', '2008-07-30', '0', 'C-299619973'),
   (4,5,560, 'SATELITE EL CARRIZAL NUCLEO A', '1', '2008-12-10', '0', 'C-299771007'),
   (4,6,560, 'EL CENTRAL', '1', '2009-11-03', '0', 'C-306559280'),
   (2,7,560, 'LOS NARANJOS', '1', '2016-11-29', '0', 'N/A');

   COMMENT ON COLUMN consejos_comunales.id_parroquia IS 'Parroquia a la que pertenece el consejo comunal';
   COMMENT ON COLUMN consejos_comunales.id_consejo_comunal IS 'Id del consejo comunal en la tabla';
   COMMENT ON COLUMN consejos_comunales.nm_consejo IS 'Nombre del consejo comunal';
   COMMENT ON COLUMN consejos_comunales.tipo_consejo IS 'Tipo de consejo comunal';
   COMMENT ON COLUMN consejos_comunales.no_rif IS 'Número de registo de información fiscal del consejo comunal';
   COMMENT ON COLUMN consejos_comunales.fecha_creacion IS 'Fecha de creación del consejo comunal';
   COMMENT ON COLUMN consejos_comunales.estatus IS 'Estatus del consejo comunal';
   COMMENT ON COLUMN consejos_comunales.comites_disponibles IS 'Comités disponibles en el consejo comunal';

  CREATE TABLE IF NOT EXISTS partidas_de_nacimiento (
    id_parroquia  smallint  NOT NULL references parroquias(id_parroquia),
    id_partida_nacimiento serial primary key NOT NULL,
    no_anio  smallint  NOT NULL,
    no_libro smallint  NOT NULL,
    no_acta  smallint  NOT NULL
  );

  INSERT INTO partidas_de_nacimiento (id_partida_nacimiento, id_parroquia, no_anio, no_libro, no_acta) VALUES
   (1,516,1996,293,287);

   COMMENT ON COLUMN partidas_de_nacimiento.id_municipio IS 'Municipio donde se registró la partida de nacimiento';
   COMMENT ON COLUMN partidas_de_nacimiento.id_parroquia IS 'Parroquia donde se registró la partida de nacimiento';
   COMMENT ON COLUMN partidas_de_nacimiento.id_partida_nacimiento IS 'ID de la partida de nacimiento en la tabla';
   COMMENT ON COLUMN partidas_de_nacimiento.no_anio IS 'Año en el que se registró la partida de nacimiento';
   COMMENT ON COLUMN partidas_de_nacimiento.no_libro IS 'Número de libro donde se registró la partidad de nacimiento';
   COMMENT ON COLUMN partidas_de_nacimiento.no_acta IS 'Número de partida de nacimiento en esa localidad';

  CREATE TABLE IF NOT EXISTS roles (
    id_rol     smallint PRIMARY KEY not null,
    nm_rol varchar  (60) not null
  );

  INSERT INTO roles (id_rol, nm_rol) VALUES
   (1, 'Administrador nacional - Sector adulto mayor'),
   (2, 'Responsable estadal - Sector adulto mayor'),
   (3, 'Responsable municipal - Sector adulto mayor'),
   (4, 'Responsable parroquial - Sector adulto mayor'),
   (5, 'Asistente del responsable parroquial - Sector adulto mayor'),
   (6, 'Responsable comunal'),
   (7, 'Asistente del responsable comunal'),
   (8, 'Beneficiario adulto mayor'),
   (9, 'Pariente del Beneficiario(a) adulto mayor');

   COMMENT ON COLUMN roles.id_rol IS 'ID del rol en la tabla';
   COMMENT ON COLUMN roles.nm_rol IS 'Descripción del rol';

  CREATE TABLE IF NOT EXISTS parentescos (
    id_parentesco     smallint PRIMARY KEY not null,
    nm_parentesco  varchar  (60) not null
  );

  INSERT INTO parentescos (id_parentesco, nm_parentesco) VALUES
   (1, 'Esposo(a) del Beneficiario(a) adulto mayor'),
   (2, 'Cuñado(a) del Beneficiario(a) adulto mayor'),
   (3, 'Concubino(a) formal del Beneficiario(a) adulto mayor'),
   (4, 'Concubino(a) informal del Beneficiario(a) adulto mayor'),
   (5, 'Hijo(a) del Beneficiario(a) adulto mayor'),
   (6, 'Sobrino(a) del Beneficiario(a) adulto mayor'),
   (7, 'Nieto(a) del Beneficiario(a) adulto mayor'),
   (8, 'Hermano(a) del Beneficiario(a) adulto mayor'),
   (9, 'Tío(a) del Beneficiario(a) adulto mayor'),
   (10, 'Primo(a) del Beneficiario(a) adulto mayor'),
   (11, 'Padre / Madre del Beneficiario(a) adulto mayor'),
   (12, 'Nuera / Yerno del Beneficiario(a) adulto mayor'),
   (13, 'Inquilino(a) del Beneficiario(a) adulto mayor'),
   (14, 'Invitado(a) indefinido del Beneficiario(a) adulto mayor');

   COMMENT ON COLUMN parentescos.id_parentesco IS 'ID del parentesco en la tabla';
   COMMENT ON COLUMN parentescos.nm_parentesco IS 'Descripción del parentesco';

  CREATE TABLE IF NOT EXISTS estados_civiles (
    id_estado_civil     smallint PRIMARY KEY not null,
    nm_estado_civil  varchar  (60) not null
  );

  INSERT INTO estados_civiles (id_estado_civil, nm_estado_civil) VALUES
   (1, 'Soltero(a)'),
   (2, 'Casado(a)'),
   (3, 'Divorciado(a)'),
   (4, 'Viudo(a)');

   COMMENT ON COLUMN estados_civiles.id_estado_civil IS 'ID del estado civil en la tabla';
   COMMENT ON COLUMN estados_civiles.nm_estado_civil IS 'Descripción del estado civil';


  CREATE TABLE IF NOT EXISTS preguntas_de_seguridad (
    id_pregunta     smallint PRIMARY KEY not null,
    descripcion         varchar  (60) not null
  );

  INSERT INTO preguntas_de_seguridad (id_pregunta, descripcion) VALUES

   (1, '¿Cúal es el nombre de su mascota?'),
   (2, '¿En que año fué su matrimonio?'),
   (3, '¿Cúal es su equipo favorito en deportes?'),
   (4, '¿Cúal es su comida más placentera?'),
   (5, '¿Donde conocío a su madrina?'),
   (6, '¿Donde vive su padrino?'),
   (7, '¿Nombre del hospital / clínica donde nació su hija(o)?'),
   (8, '¿Nombre de su primer nieta(o) / bisnieta(o)?'),
   (9, '¿A que país le gustaría viajar?'),
   (10, '¿De forma ordenada indique el nombre de sus hijas(os)?'),
   (11, '¿De que color es su casa?'),
   (12, '¿Cúal es el nombre de su hermana(o)?'),
   (13, '¿Cúal es el nombre de su vecina(o)?'),
   (14, '¿Cúal es el nombre de su libro favorito?'),
   (15, '¿Cúal es el nombre de su mejor amigo de la infancia?'),
   (16, '¿Cúal es el nombre de su primera escuela?');

   COMMENT ON COLUMN preguntas_de_seguridad.id_pregunta IS 'ID de la pregunta de seguridad en la tabla';
   COMMENT ON COLUMN preguntas_de_seguridad.descripcion IS 'Descripción de la pregunta de seguridad';



#PARTE 2 BEGIN

  CREATE TABLE IF NOT EXISTS responsables_estadales (
    persona integer not null references identificacion_personas(id_persona),
    lider integer not null references identificacion_personas(id_persona),
    responsable_estado varchar(4) not null references estados(iso_3166_2_ve)
    );

  CREATE TABLE IF NOT EXISTS responsables_municipales (
    persona integer not null references identificacion_personas(id_persona),
    lider integer not null references identificacion_personas(id_persona),
    responsable_municipio smallint not null references municipios(id_municipio)
    );

  CREATE TABLE IF NOT EXISTS responsables_parroquiales (
    persona integer not null references identificacion_personas(id_persona),
    lider integer not null references identificacion_personas(id_persona),
    responsable_parroquia smallint not null references parroquias(id_parroquia)
    );

  CREATE TABLE IF NOT EXISTS responsables_comunales (
    persona integer not null references identificacion_personas(id_persona),
    lider integer not null references identificacion_personas(id_persona),
    responsable_consejo_comunal smallint not null references consejos_comunales(id_consejo_comunal)
    );

    CREATE TABLE IF NOT EXISTS deportes (
      id_deporte     smallint PRIMARY KEY not null,
      nm_deporte varchar  (40) not null
    );

    INSERT INTO deportes (id_deporte, nm_deporte) VALUES
     (1, 'Acrobacia'),
     (2, 'Acuatlón'),
     (3, 'Aeróbic'),
     (4, 'Aikido'),
     (5, 'Ajedrez'),
     (6, 'Ala Delta'),
     (7, 'Alpinismo'),
     (8, 'Apnea Deportiva'),
     (9, 'Arquería'),
     (10, 'Artes Marciales'),
     (11, 'Artes Marciales Mixtas'),
     (12, 'Atletismo'),
     (13, 'Atletismo Paralímpico'),
     (14, 'Automovilismo'),
     (15, 'Bádminton'),
     (16, 'Baile Deportivo'),
     (17, 'Baloncesto'),
     (18, 'Baloncesto en Silla de Ruedas'),
     (19, 'Balonmano o Handbol'),
     (20, 'Balonmano Playa'),
     (21, 'Balón Pesado'),
     (22, 'Balón Prisionero o Quemadas'),
     (23, 'Balonmano Frisón'),
     (24, 'Bastón de Combate'),
     (25, 'Béisbol'),
     (26, 'Béisbol Fines o Pesapallo'),
     (27, 'Billar'),
     (28, 'Billarda'),
     (29, 'Birlos'),
     (30, 'BMX'),
     (31, 'Bobsleigh'),
     (32, 'Bochas'),
     (33, 'Bodyboard'),
     (34, 'Boxeo'),
     (35, 'Bowling o Bolos'),
     (36, 'Boules'),
     (37, 'Bridge'),
     (38, 'Budȏ'),
     (39, 'Canotaje'),
     (40, 'Caza'),
     (41, 'Cesta Punta'),
     (42, 'Ciclismo'),
     (43, 'Ciclismo de Montaña'),
     (44, 'Ciclismo de Pista'),
     (45, 'Ciclismo de Ruta'),
     (46, 'Colombofilia'),
     (47, 'Críquet'),
     (48, 'Cróquet'),
     (49, 'Crossfit'),
     (50, 'Cuatro Cuadras'),
     (51, 'Cuadratlón'),
     (52, 'Curling'),
     (53, 'Danza Deportiva'),
     (54, 'Dardos'),
     (55, 'Deportes Aéreos'),
     (56, 'Disco Volador - Ultimate'),
     (57, 'Duatlón'),
     (58, 'Escalada'),
     (59, 'Esgrima'),
     (60, 'Espeleología o Espeleísmo'),
     (61, 'Equitación'),
     (62, 'Esquí'),
     (63, 'Esquí Náutico'),
     (64, 'Faustball'),
     (65, 'Flickerball'),
     (66, 'Floorball'),
     (67, 'Fútbol'),
     (68, 'Fútbol Americano'),
     (69, 'Fútbol Americano Indoor'),
     (70, 'Fútbol Australiano'),
     (71, 'Futbol Calle'),
     (72, 'Futbol Canadiense'),
     (73, 'Futbol de Carnaval'),
     (74, 'Futbol Gaélico'),
     (75, 'Futbol Gridirón'),
     (76, 'Futbolito'),
     (77, 'Futbol Mesa'),
     (78, 'Fútbol Playa'),
     (79, 'Fútbol Sala'),
     (80, 'Futbol Subacuático'),
     (81, 'Futbol Tenis'),
     (82, 'Futvoley'),
     (83, 'Futdos'),
     (84, 'Goalball'),
     (85, 'Golf'),
     (86, 'Gimnasia'),
     (87, 'Gimnasia Acrobática'),
     (88, 'Gimnasia Aeróbica'),
     (89, 'Gimnasia Artística'),
     (90, 'Gimnasia Rítmica'),
     (91, 'Gimnasia en Trampolín'),
     (92, 'Glima'),
     (93, 'Globos Aerostáticos'),
     (94, 'Half Rubber'),
     (95, 'Halterofilia'),
     (96, 'Hípica'),
     (97, 'Hockey'),
     (98, 'Hockey Patín'),
     (99, 'Hockey sobre Hielo'),
     (100, 'Hockey sobre Hierba'),
     (101, 'Hooverball'),
     (102, 'Hurling'),
     (104, 'Judo'),
     (105, 'Ju-Jitsu'),
     (106, 'Juego de la Soga'),
     (107, 'Juego de Palma'),
     (108, 'Kabaddi'),
     (109, 'Karate'),
     (110, 'Karting'),
     (111, 'Kayak'),
     (112, 'Kayak Polo'),
     (113, 'Kendo'),
     (114, 'Kickboxing'),
     (115, 'Kikimbol'),
     (116, 'Korfbal'),
     (117, 'Kung Fu'),
     (118, 'Lacrosse'),
     (119, 'Levantamiento de Potencia'),
     (120, 'Longue Paume'),
     (121, 'Lucha'),
     (122, 'Lucha Grecorromana'),
     (123, 'Lucha Tradicional'),
     (124, 'Lucha Libre WWE'),
     (125, 'Luge'),
     (126, 'Marcha Atlética'),
     (127, 'Mhuai Thay'),
     (128, 'Motociclismo'),
     (129, 'Motonáutica'),
     (130, 'Nado Sincronizado'),
     (131, 'Natación'),
     (132, 'Natación en Aguas Abiertas'),
     (133, 'Natación en Aguas Gélidas'),
     (134, 'Natación Paralímpica o Adaptada'),
     (135, 'Natación con Aletas'),
     (136, 'Netball'),
     (137, 'Octopush'),
     (138, 'Orientación'),
     (139, 'Padel'),
     (140, 'Paintball'),
     (141, 'Paracaidismo'),
     (142, 'Parapente'),
     (143, 'Parkour'),
     (144, 'Patinaje Artístico'),
     (145, 'Patinaje de Carreras'),
     (146, 'Patinaje de Velocidad'),
     (147, 'Pelota Mesoamericana'),
     (148, 'Pelota Mixteca'),
     (149, 'Pelota Valenciana'),
     (150, 'Pelota Vasca'),
     (151, 'Pentatlón Moderno'),
     (152, 'Pesca Deportiva'),
     (153, 'Petanca'),
     (154, 'Piragüismo'),
     (155, 'Polo'),
     (156, 'Pole Dance'),
     (157, 'Quidditch'),
     (158, 'Raquetbol'),
     (159, 'Remo'),
     (160, 'Remo bajo Techo'),
     (161, 'Roque'),
     (162, 'Rugby'),
     (163, 'Rugby 7'),
     (164, 'Rugby en Silla de Ruedas'),
     (165, 'Rugby de Playa'),
     (166, 'Rugby 13'),
     (167, 'Rugby Subacuático'),
     (168, 'Rugby Union'),
     (169, 'Salto'),
     (170, 'Salvamento'),
     (171, 'Savate'),
     (172, 'Senderismo'),
     (173, 'Sepak Takraw'),
     (174, 'Shinty'),
     (175, 'Skateboard'),
     (176, 'Skeleton'),
     (177, 'Snooker'),
     (178, 'Snowboard'),
     (179, 'Softbol'),
     (180, 'Speedball'),
     (181, 'Squash'),
     (182, 'Streetball'),
     (183, 'Sumo'),
     (184, 'Superbikes'),
     (185, 'Surf'),
     (186, 'Tenis'),
     (187, 'Tenis de Mesa'),
     (188, 'Tiro'),
     (189, 'Tiro con Arco'),
     (190, 'Tiro Deportivo'),
     (191, 'Triatlón'),
     (192, 'Taekwondo'),
     (193, 'Tchoukball'),
     (194, 'Trampolín'),
     (195, 'Ultraligeros'),
     (196, 'Ulama'),
     (197, 'Vela'),
     (198, 'Voleibol'),
     (199, 'Voleibol Sentado'),
     (200, 'Voleibol Playa'),
     (201, 'Vuelo sin Motor'),
     (202, 'Wakeboarding'),
     (203, 'Waterbasquet'),
     (204, 'Waterpolo'),
     (205, 'Windsurf'),
     (206, 'Wind Tsun'),
     (207, 'Wushu');

    CREATE TABLE IF NOT EXISTS rangos_de_ingreso (
      id_rango_de_ingreso smallint PRIMARY KEY not null,
      descripcion         varchar  (80) not null
    );

    INSERT INTO rangos_de_ingreso (id_rango_de_ingreso, descripcion) VALUES
     (1,'Ingresos suficientes como para vivir tranquilamente'),
     (2,'Ingresos medianos que solo alcanzan para cubrir los gastos'),
     (3,'Ingresos mediocres insuficientes para satisfacer las necesidades básicas');

    CREATE TABLE IF NOT EXISTS conceptos_de_ingreso (
      id_concepto_de_ingreso smallint PRIMARY KEY not null,
      descripcion         varchar  (40) not null
    );

    INSERT INTO conceptos_de_ingreso (id_concepto_de_ingreso, descripcion) VALUES
     (1, 'Trabajo'),
     (2, 'Becas'),
     (3, 'Renta'),
     (4, 'Misiones sociales'),
     (5, 'Pensión I.V.S.S.'),
     (6, 'Pensión alimentaria'),
     (7, 'Asignación I.N.A.S.S.'),
     (8, 'Ayuda familiar'),
     (9, 'Jubilación'),
     (10, 'Ninguno, en total situación de abandono');

    CREATE TABLE IF NOT EXISTS condiciones_de_vivienda (
      id_condicion_de_vivienda smallint PRIMARY KEY not null,
      descripcion         varchar  (50) not null
    );

    INSERT INTO condiciones_de_vivienda (id_condicion_de_vivienda, descripcion) VALUES
     (1, 'Vivienda Propia'),
     (2, 'Vivienda Alquilada'),
     (3, 'Vivienda en proceso de desalojo'),
     (4, 'Vivienda tipo Refugio'),
     (5, 'Vivienda tipo Refugio Solidario'),
     (6, 'Vivienda transitoria'),
     (7, 'Vivienda Prestada'),
     (8, 'Vivienda Cedida'),
     (9, 'Pensión u Hotel'),
     (10, 'Habitación alquilada de una vivienda (pieza)'),
     (11, 'Vivienda Tradicional Indígena'),
     (12, 'Vive Arrimado'),
     (13, 'Vivienda de la Empresa'),
     (14, 'Vivienda al cuido'),
     (15, 'Ocupación irregular'),
     (16, 'Vivienda por Trabajador Residencial'),
     (17, 'Vivienda en Comodato'),
     (18, 'Vive en la Calle');

    CREATE TABLE IF NOT EXISTS tipos_de_vivienda (
      id_tipo_de_vivienda     smallint PRIMARY KEY not null,
      descripcion         varchar  (30) not null
    );

    INSERT INTO tipos_de_vivienda (id_tipo_de_vivienda, descripcion) VALUES
     (1, 'Quinta o Casa Quinta'),
     (2, 'Casa Normal'),
     (3, 'Apartamento en Edificio'),
     (4, 'Casa Colonial'),
     (5, 'Casa de Vecindad'),
     (6, 'Anexo'),
     (7, 'Habitación'),
     (8, 'Rancho'),
     (9, 'Casa Indígena'),
     (10, 'Calle');

    CREATE TABLE IF NOT EXISTS regularidad_alimenticia (
      id_regularidad   smallint PRIMARY KEY not null,
      descripcion         varchar  (30) not null
    );

    INSERT INTO regularidad_alimenticia (id_regularidad, descripcion) VALUES
     (1, 'Tres Veces al día'),
     (2, 'Dos Veces al día'),
     (3, 'Una Vez al día');

    CREATE TABLE IF NOT EXISTS acceso_alimenticio (
      id_acceso  smallint PRIMARY KEY not null,
      descripcion         varchar  (30) not null
    );

    INSERT INTO acceso_alimenticio (id_acceso, descripcion) VALUES
     (1, 'Siempre'),
     (2, 'Fácilmente'),
     (3, 'Ocasionalmente'),
     (4, 'Díficilmente');

    CREATE TABLE IF NOT EXISTS centros_publicos (
      id_centro  smallint PRIMARY KEY not null,
      descripcion         varchar  (40) not null
    );

    INSERT INTO centros_publicos (id_centro, descripcion) VALUES
     (1, 'Módulo de Salud'),
     (2, 'Centro de Diagnóstico Integral'),
     (3, 'Servicio de Rehabilitación Integral'),
     (4, 'Hospital / Ambulatorio');

    CREATE TABLE IF NOT EXISTS discapacidades (
      id_discapacidad   smallint PRIMARY KEY not null,
      descripcion         varchar  (30) not null
    );

    INSERT INTO discapacidades (id_discapacidad, descripcion) VALUES
     (1, 'Auditiva'),
     (2, 'Baja Talla'),
     (3, 'Intelectual'),
     (4, 'Musculoesquelética'),
     (5, 'Múltiple'),
     (6, 'Visual');

#PARTE 2 FINISH

#PARTE 3 BEGIN

  CREATE TABLE IF NOT EXISTS socioeconomico_personas (
    persona    integer primary key not null references identificacion_personas(id_persona),
    no_acompaniantes smallint not null default '0',
    id_partida_acompaniantes varchar,
    id_cedula_acompaniantes varchar,
    id_pasaporte_acompaniantes varchar,
    no_adultos_mayores smallint not null default '0',
    no_alcoholicos smallint not null default '0',
    no_discapacitados smallint not null default '0',
    no_drogadictos smallint not null default '0',
    no_enfermos_terminales smallint not null default '0',
    condicion_vivienda  smallint not null references condiciones_de_vivienda(id_condicion_de_vivienda),
    tipo_vivienda smallint not null references tipos_de_vivienda(id_tipo_de_vivienda),
    no_habitaciones smallint not null default '0',
    ingreso_familiar smallint not null references rangos_de_ingreso(id_rango_de_ingreso),
    concepto_de_ingresos varchar(20) not null,
    inscrito_mision_en_amor_mayor boolean not null,
    beneficiario_mision_en_amor_mayor  boolean not null,
    existe_consejo_comunal boolean not null,
    participa_en_consejo_comunal boolean not null
    );

  CREATE TABLE IF NOT EXISTS enfermedades_frecuentes (
    id_enfermedades   smallint PRIMARY KEY not null,
    descripcion         varchar  (50) not null
  );

  INSERT INTO enfermedades_frecuentes (id_enfermedades, descripcion) VALUES
   (1, 'Accidente Isquémico Transitorio'),
   (2, 'Afasia'),
   (3, 'Alzheimer'),
   (4, 'Aneurisma Aórtico Abdominal'),
   (5, 'Angina de Pecho'),
   (6, 'Arritmia'),
   (7, 'Arteriosclerosis'),
   (8, 'Artritis'),
   (9, 'Artropatía Postraumática'),
   (10, 'Artropatía Séptica'),
   (11, 'Artropatía Neurotrófica'),
   (12, 'Artropatía Hemofílica'),
   (13, 'Artropatía Gotosa'),
   (14, 'Artrosis'),
   (15, 'Ataque Cerebral'),
   (16, 'Ataque Cerebrovascular'),
   (17, 'Aterosclerosis'),
   (18, 'Atrofia Espinal Progresiva'),
   (19, 'Atrofia Olivopontocerebelosa'),
   (20, 'Asma'),
   (21, 'Bronquitis Crónica'),
   (22, 'Cáncer'),
   (23, 'Cardiopatía Isquémica'),
   (24, 'Cataratas'),
   (25, 'Ceguera'),
   (26, 'Cirrosis Hepática'),
   (27, 'Colangitis'),
   (28, 'Colecistitis'),
   (29, 'Colestasis'),
   (30, 'Colelitiasis'),
   (31, 'Demencia Senil'),
   (32, 'Depresión'),
   (33, 'Derrame Cerebral'),
   (34, 'Desnutrición'),
   (35, 'Diabetes'),
   (36, 'Discracias Sanguíneas'),
   (37, 'Distimia'),
   (38, 'Edema Pulmonar'),
   (39, 'Embolia Arterial'),
   (40, 'Enfermedad Arterial Periférica'),
   (41, 'Enfermedad Coronaria'),
   (42, 'Enfermedad de Friedreich'),
   (43, 'Enfermedad de Machado-Joseph'),
   (44, 'Enfisema'),
   (45, 'Epilepsia'),
   (46, 'Esclerosis Lateral Primaria'),
   (47, 'Esclerosis Múltiple'),
   (48, 'Esteatohepatitis no Alcohólica'),
   (49, 'Esquizofrenia'),
   (50, 'Fatiga Crónica'),
   (51, 'Fibromialgia'),
   (52, 'Fractura de Fémur'),
   (53, 'Glaucoma'),
   (54, 'Hemorragia Intracraneal'),
   (55, 'Hemocromatosis'),
   (56, 'Hepatitis A'),
   (57, 'Hepatitis Alcohólica'),
   (58, 'Hepatitis B'),
   (59, 'Hepatitis C'),
   (60, 'Hernia'),
   (61, 'Herpes Zóster'),
   (62, 'Hiperparatiroidismo'),
   (63, 'Hipertensión Arterial'),
   (64, 'Infarto Agudo del Miocardio'),
   (65, 'Infarto Cerebral'),
   (66, 'Infarto Embólico'),
   (67, 'Infección por VIH'),
   (68, 'Infección por SIDA'),
   (69, 'Insuficiencia Cardiaca'),
   (70, 'Insuficiencia Renal Crónica'),
   (71, 'Linfoma'),
   (72, 'Malformación de Chiari'),
   (73, 'Miocardiopatía'),
   (74, 'Miopía'),
   (75, 'Neumonía'),
   (76, 'Neurosis'),
   (77, 'Obesidad'),
   (78, 'Osteítis Deformante'),
   (79, 'Osteoporosis'),
   (80, 'Parálisis Bulbar Progresiva'),
   (81, 'Parkinson'),
   (82, 'Paro Cardiorrespiratorio'),
   (83, 'Poliomelitis'),
   (84, 'Prediabetes'),
   (85, 'Psicosis'),
   (86, 'Sindrome Coronario Agudo'),
   (87, 'Sindrome de Shy-Drager'),
   (88, 'Sindrome Metabólico'),
   (89, 'Sindrome Postpolio'),
   (90, 'Prediabetes'),
   (91, 'Sordera'),
   (92, 'Tabaquismo'),
   (93, 'Taquicardia Supraventricular'),
   (94, 'Tensión Ocular'),
   (95, 'Tirotoxicosis'),
   (96, 'Trastorno de Ansiedad'),
   (97, 'Trastorno Depresivo Mayor'),
   (98, 'Trombosis Venosa Profunda'),
   (99, 'Tumor Cerebral'),
   (100, 'Tumor en el Estómago'),
   (101, 'Tumor en la Próstata'),
   (102, 'Vértigo Posicional Paroxístico Benigno'),
   (103, 'Vista Cansada');

  CREATE TABLE IF NOT EXISTS grados_de_instruccion (
    id_grado_de_instruccion     smallint PRIMARY KEY not null,
    descripcion         varchar  (40) not null
  );

  INSERT INTO grados_de_instruccion (id_grado_de_instruccion, descripcion) VALUES

   (1, 'Doctorado'),
   (2, 'Maestría'),
   (3, 'Ingenieria'),
   (4, 'Diplomado'),
   (5, 'Licenciatura'),
   (6, 'Técnico Superior Universitario'),
   (7, 'Técnico Medio'),
   (8, 'Bachillerato'),
   (9, 'Primaria'),
   (10, 'Preescolar'),
   (11, 'Sin estudios');

  CREATE TABLE IF NOT EXISTS areas_de_estudio (
    id_area_de_estudio     smallint PRIMARY KEY not null,
    descripcion         varchar  (40) not null unique
  );

  INSERT INTO areas_de_estudio (id_area_de_estudio, descripcion) VALUES
   (1, 'Arte'),
   (2, 'Artesanía'),
   (3, 'Arquitectura'),
   (4, 'Ciencias Biológicas'),
   (5, 'Ciencias Agropecuarias'),
   (6, 'Ciencias de la Salud'),
   (7, 'Ciencias Exactas'),
   (8, 'Ciencias Económicas'),
   (9, 'Ciencias Jurídicas'),
   (10, 'Ciencias Marítimas'),
   (11, 'Ciencias Políticas'),
   (12, 'Ciencias Sociales'),
   (13, 'Deporte'),
   (14, 'Diseño'),
   (15, 'Educación'),
   (16, 'Fuerzas de Seguridad'),
   (17, 'Ingeniería'),
   (18, 'Gastronomía'),
   (19, 'Hoteleria'),
   (20, 'Innovación'),
   (21, 'Literatura'),
   (22, 'Música'),
   (23, 'Pesca'),
   (24, 'Protección Ambiental'),
   (25, 'Recreación'),
   (26, 'Religión'),
   (27, 'Tecnología'),
   (28, 'Turismo');

  CREATE TABLE IF NOT EXISTS ocupaciones (
    id_ocupacion     integer PRIMARY KEY not null,
    descripcion         varchar  (40) not null
  );

  INSERT INTO ocupaciones (id_ocupacion, descripcion) VALUES
   (1, 'Abogado(a)'),
   (2, 'Acádemico'),
   (3, 'Administrador(a)'),
   (4, 'Administrativo(a)'),
   (5, 'Agente de Viajes'),
   (6, 'Agricultor(a)'),
   (7, 'Agrónomo(a)'),
   (8, 'Alérgologo(a)'),
   (9, 'Almacenista'),
   (10, 'Anatomista'),
   (11, 'Anestesiólogo(a)'),
   (12, 'Antologista'),
   (13, 'Antropólogo(a)'),
   (14, 'Arabista'),
   (15, 'Archivero(a)'),
   (16, 'Arqueólogo(a)'),
   (17, 'Arquitecto(a)'),
   (18, 'Aseador(a)'),
   (19, 'Asesor(a)'),
   (20, 'Asistente'),
   (21, 'Astrofísico(a)'),
   (22, 'Astrólogo(a)'),
   (23, 'Astrónomo(a)'),
   (24, 'Atleta'),
   (25, 'Autor(a)'),
   (26, 'Auxiliar'),
   (27, 'Avicultor(a)'),
   (28, 'Bacteriólogo(a)'),
   (29, 'Bedel(a)'),
   (30, 'Bibliógrafo(a)'),
   (31, 'Bibliotecario(a)'),
   (32, 'Biofísico(a)'),
   (33, 'Biógrafo(a)'),
   (34, 'Biólogo(a)'),
   (35, 'Bióquímico(a)'),
   (36, 'Botánico(a)'),
   (37, 'Bombero(a)'),
   (38, 'Cancerólogo(a)'),
   (39, 'Cardiólogo(a)'),
   (40, 'Carnicero(a)'),
   (41, 'Carpintero(a)'),
   (42, 'Cartógrafo(a)'),
   (43, 'Castrador(a)'),
   (44, 'Catedrático(a)'),
   (45, 'Chofer'),
   (46, 'Científico(a)'),
   (47, 'Cirujano(a)'),
   (48, 'Citólogo(a)'),
   (49, 'Climatólogo(a)'),
   (50, 'Cocinero(a)'),
   (51, 'Comadrón'),
   (52, 'Comadrona'),
   (53, 'Consejero(a)'),
   (54, 'Conserje'),
   (55, 'Conservador'),
   (56, 'Coordinador(a)'),
   (57, 'Cosmógrafo(a)'),
   (58, 'Cosmólogo(a)'),
   (59, 'Contador(a)'),
   (60, 'Criminalista'),
   (61, 'Cronólogo(a)'),
   (62, 'Decano(a)'),
   (63, 'Decorador(a)'),
   (64, 'Defensor(a)'),
   (65, 'Delegado(a)'),
   (66, 'Delineante'),
   (67, 'Demógrafo(a)'),
   (68, 'Dentista'),
   (69, 'Dermatólogo(a)'),
   (70, 'Detective'),
   (71, 'Dibujante'),
   (72, 'Directivo(a)'),
   (73, 'Director(a)'),
   (74, 'Dirigente'),
   (75, 'Diseñador(a)'),
   (76, 'Doctor(a)'),
   (77, 'Documentalista'),
   (78, 'Ecólogo(a)'),
   (79, 'Economista'),
   (80, 'Educador(a)'),
   (81, 'Egiptólogo(a)'),
   (82, 'Electricista'),
   (83, 'Endocrinólogo(a)'),
   (84, 'Enfermero(a)'),
   (85, 'Enólogo(a)'),
   (86, 'Entomólogo(a)'),
   (87, 'Epidemiólogo(a)'),
   (88, 'Escritor(a)'),
   (89, 'Espeleólogo(a)'),
   (90, 'Estadista'),
   (91, 'Estadístico(a)'),
   (92, 'Estilista'),
   (93, 'Etimólogo(a)'),
   (94, 'Etnólogo(a)'),
   (95, 'Etólogo(a)'),
   (96, 'Examinador(a)'),
   (97, 'Farmacéutico(a)'),
   (98, 'Farmacólogo(a)'),
   (99, 'Filólogo(a)'),
   (100, 'Filósofo(a)'),
   (101, 'Fiscal'),
   (102, 'Físico(a)'),
   (103, 'Físiologo(a)'),
   (104, 'Fisioterapeuta'),
   (105, 'Florista'),
   (106, 'Fonetista'),
   (107, 'Fonólogo(a)'),
   (108, 'Forense'),
   (109, 'Fotógrafo(a)'),
   (110, 'Funcionario(a)'),
   (111, 'Ganadero(a)'),
   (112, 'Gemólogo(a)'),
   (113, 'Genetista'),
   (114, 'Geobotánica'),
   (115, 'Geodesta'),
   (116, 'Geofísica'),
   (117, 'Geógrafo(a)'),
   (118, 'Geólogo(a)'),
   (119, 'Geomántico(a)'),
   (120, 'Geómetra'),
   (121, 'Geoquímico(a)'),
   (122, 'Gerente'),
   (123, 'Geriatra'),
   (124, 'Gerontólogo(a)'),
   (125, 'Gestor(a)'),
   (126, 'Grabador(a)'),
   (127, 'Grafólogo(a)'),
   (128, 'Gramático(a)'),
   (129, 'Geómetra'),
   (130, 'Geoquímica'),
   (131, 'Hematólogo(a)'),
   (132, 'Hepatólogo(a)'),
   (133, 'Hidrogeólogo(a)'),
   (134, 'Hidrógrafo(a)'),
   (135, 'Hidrólogo(a)'),
   (136, 'Higienista'),
   (137, 'Hispanista'),
   (138, 'Historiador(a)'),
   (139, 'Homeópata'),
   (140, 'Informático(a)'),
   (141, 'Ingeniero(a)'),
   (142, 'Inmunólogo(a)'),
   (143, 'Inspector(a)'),
   (144, 'Interino(a)'),
   (145, 'Interventor(a)'),
   (146, 'Investigador(a)'),
   (147, 'Jardinero(a)'),
   (148, 'Jefe(a)'),
   (149, 'Juez(a)'),
   (150, 'Latinista'),
   (151, 'Lexicógrafo(a)'),
   (152, 'Lexicólogo(a)'),
   (153, 'Licenciado(a)'),
   (154, 'Linguista'),
   (155, 'Logopeda'),
   (156, 'Maestro(a)'),
   (157, 'Maestro(a) de obra'),
   (158, 'Magister'),
   (159, 'Matemático(a)'),
   (160, 'Matrón'),
   (161, 'Matrona'),
   (162, 'Mecánico(a)'),
   (163, 'Médico(a)'),
   (164, 'Mesero(a)'),
   (165, 'Meteorólogo(a)'),
   (166, 'Micólogo(a)'),
   (167, 'Microbiológico(a)'),
   (168, 'Microcirujano(a)'),
   (169, 'Mimógrafo(a)'),
   (170, 'Mineralogista'),
   (171, 'Modelo'),
   (172, 'Monitor(a)'),
   (173, 'Musicólogo(a)'),
   (174, 'Naturópata'),
   (175, 'Nefrólogo(a)'),
   (176, 'Neumólogo(a)'),
   (177, 'Neuroanatomista'),
   (178, 'Neurobiólogo(a)'),
   (179, 'Neurocirujano(a)'),
   (180, 'Neuroembriólogo(a)'),
   (181, 'Neurofisiólogo(a)'),
   (182, 'Neurólogo(a)'),
   (183, 'Nutricionista'),
   (184, 'Obrero(a)'),
   (185, 'Oceanógrafo(a)'),
   (186, 'Odontólogo(a)'),
   (187, 'Oficial'),
   (188, 'Oficinista'),
   (189, 'Oftalmólogo(a)'),
   (190, 'Oncólogo(a)'),
   (191, 'Óptico(a)'),
   (192, 'Optometrista'),
   (193, 'Orientador(a)'),
   (194, 'Ornitólogo(a)'),
   (195, 'Ortopédico(a)'),
   (196, 'Ortopedista'),
   (197, 'Osteólogo(a)'),
   (198, 'Osteópata'),
   (199, 'Otorrinolaringólogo(a)'),
   (200, 'Paleobiólogico(a)'),
   (201, 'Paleobotánico(a)'),
   (202, 'Paleógrafo(a)'),
   (203, 'Paleólogo(a)'),
   (204, 'Paleontólogo(a)'),
   (205, 'Panadero(a)'),
   (206, 'Patólogo(a)'),
   (207, 'Pedagogo(a)'),
   (208, 'Pediatra'),
   (209, 'Pedicuro(a)'),
   (210, 'Periodista'),
   (211, 'Perito(a)'),
   (212, 'Pescador(a)'),
   (213, 'Pintor(a)'),
   (214, 'Piloto'),
   (215, 'Piscicultor(a)'),
   (216, 'Plomero(a)'),
   (217, 'Policía'),
   (218, 'Podólogo(a)'),
   (219, 'Portero(a)'),
   (220, 'Prehistoriador(a)'),
   (221, 'Presidente(a)'),
   (222, 'Proctólogo(a)'),
   (223, 'Profesor(a)'),
   (224, 'Programador(a)'),
   (225, 'Protésico(a)'),
   (226, 'Proveedor(a)'),
   (227, 'Psicoanalista'),
   (228, 'Psicólogo(a)'),
   (229, 'Psicofísico(a)'),
   (230, 'Psicopedagogo(a)'),
   (231, 'Psicoterapeuta'),
   (232, 'Psiquiatra'),
   (233, 'Publicista'),
   (234, 'Publicitario(a)'),
   (235, 'Puericultor(a)'),
   (236, 'Químico(a)'),
   (237, 'Quiropráctico(a)'),
   (238, 'Radioastrónomo(a)'),
   (239, 'Radiofonista'),
   (240, 'Radiólogo(a)'),
   (241, 'Radiotécnico(a)'),
   (242, 'Radiotelefonista'),
   (243, 'Radiotelegrafista'),
   (244, 'Radioterapeuta'),
   (245, 'Recepcionista'),
   (246, 'Rector(a)'),
   (247, 'Repartidor(a)'),
   (248, 'Salvavidas'),
   (249, 'Sastre'),
   (250, 'Secretario(a)'),
   (251, 'Sexólogo(a)'),
   (252, 'Sismólogo(a)'),
   (253, 'Sociólogo(a)'),
   (254, 'Soldado'),
   (255, 'Subdelegado(a)'),
   (256, 'Subdirector(a)'),
   (257, 'Subsecretario(a)'),
   (258, 'Taxista'),
   (259, 'Técnico(a)'),
   (260, 'Telefonista'),
   (261, 'Teólogo(a)'),
   (262, 'Terapeuta'),
   (263, 'Tocoginecólogo(a)'),
   (264, 'Tocólogo(a)'),
   (265, 'Toxicólogo(a)'),
   (266, 'Traductor(a)'),
   (267, 'Transcriptor(a)'),
   (268, 'Traumatólogo'),
   (269, 'Tutor(a)'),
   (270, 'Urólogo(a)'),
   (271, 'Vendedor(a)'),
   (272, 'Veterinario(a)'),
   (273, 'Virólogo(a)'),
   (274, 'Viticultor(a)'),
   (275, 'Vulcanólogo(a)'),
   (276, 'Xilógrafo(a)'),
   (277, 'Zoólogo(a)'),
   (278, 'Zoótécnico(a)');

  CREATE TABLE IF NOT EXISTS ocupacion_personas (
    persona    integer primary key not null references identificacion_personas(id_persona),
    lee boolean not null default '1',
    escribe boolean not null default '1',
    deportes boolean NOT NULL default '0',
    deportes_practicados varchar  (20) not null,
    estudios boolean not null default '0',
    areas_de_estudio  varchar  (20) not null,
    grado_de_instruccion smallint not null references grados_de_instruccion(id_grado_de_instruccion),
    ocupacion_principal  integer not null references ocupaciones(id_ocupacion),
    ocupacion_secundaria  integer not null references ocupaciones(id_ocupacion),
    le_gustaria_participar_actividades_cdrst boolean not null default '0',
    p_actividades_turisticas boolean not null default '0',
    p_actividades_culturales boolean not null default '0',
    p_actividades_deportivas_recreativas boolean not null default '0',
    p_actividades_conocimientos_saberes_tradiciones boolean not null default '0'
    );

  CREATE TABLE IF NOT EXISTS salud_personas (
    persona    integer primary key not null references identificacion_personas(id_persona),
    discapacidad  smallint not null references discapacidades(id_discapacidad),
    enfermedades varchar (20),
    recibe_tratamiento_centro_publico boolean not null,
    donde_recibe_tratamiento_centro_publico varchar  (10),
    acceso_a_los_alimentos smallint not null references acceso_alimenticio(id_acceso),
    alimentacion smallint not null references regularidad_alimenticia(id_regularidad)
    );

  CREATE TABLE IF NOT EXISTS parientes_personas (
    persona    integer not null references identificacion_personas(id_persona),
    beneficiario    integer not null references identificacion_personas(id_persona),
    parentesco smallint not null references parentescos(id_parentesco)
    );

#PARTE 3 FINISH

INSERT INTO identificacion_personas (id_persona, estado_civil, no_partida_nacimiento, no_cedula, no_pasaporte, residencia_legal, fi_residencia_legal, primer_nombre, genero, segundo_nombre, pais_nacimiento, primer_apellido, fecha_nacimiento, segundo_apellido, impedimento_por_condicion_fisica, rol) VALUES
(1, 1, null,  'V-24608327',  null , null , null, 'Yan', 'H' ,'Lenner',  've',  'Romero',  '1996-05-31' , 'Herrera', 'f', 1);

INSERT INTO acceso_personas (persona, usuario, password, pregunta_seguridad, respuesta_seguridad, permisos, ultimo_ingreso, fecha_registro) VALUES
(1, '474151d9bbd73835d8aea39a03cfeea0', '$2y$10$tZRHiXuH7swxkgnbWxkgTOgEO.fAOqM7.SVwaN.oWxtKeZyeNVVj.' , 6 , '$2y$10$JeIvX3jtt36TjuZS2kdiTuRkKp41fIIUCRcNsdCO/WYMTMRuGhCa.', '1CRUD', '2020-06-16 10:12:00', '2020-06-16 09:49:14');

INSERT INTO contacto_personas (persona, ciudad, correo, ubicacion, no_telefono, calle, no_celular, estructura, estado, parroquia, municipio, consejo_comunal) VALUES
(1, 'Mérida', 'yanlenner@yahoo.com' , 'La Parroquia' , '0274 2712404' ,'4 Canónigo Uzcátegui', '0424 7680594', '#5-77', 'VE-L', 560, 190, 1);